Country Name,2001,2002,2003,2004,2005,2006,2007,2008,2009,2010,2011,2012,2013,2014,2015,2016,2017,2018
Afghanistan,NA,839.485886051471,888.153370005426,885.840818972452,979.273978611804,1031.64313483554,1176.12635743384,1218.11821480543,1454.66301483129,1637.37798708028,1626.76479325583,1806.7639297497,1874.76563448053,1897.52593759488,1886.69297689805,1896.99251956752,1934.63675411354,1955.00620775557
Albania,4301.35279874992,4661.37155341076,4994.51880731917,5422.7784619431,5865.30619612569,6559.78325677995,7276.30296869082,8228.37423890574,8814.81085605008,9628.02578340836,10207.7523472149,10526.2354457688,10571.0106501214,11259.2258938162,11662.0304810353,11868.1789681017,12930.1400345966,13364.1553966514
Algeria,8480.07045862817,8981.34926734444,9682.4760351135,10234.9309046785,11022.1474669711,11380.0944227252,11897.1038212039,12218.0473865624,12294.6124889925,12655.1374103049,13046.1285113709,13482.7211230765,13823.8282325269,14326.283007894,14711.2208543312,15036.3641495916,15207.1791488773,15481.7876195754
American Samoa,NA,NA,NA,NA,NA,NA,NA,NA,NA,NA,NA,NA,NA,NA,NA,NA,NA,NA
Andorra,NA,NA,NA,NA,NA,NA,NA,NA,NA,NA,NA,NA,NA,NA,NA,NA,NA,NA
Angola,3191.26632340776,3564.09602605902,3614.60727755068,3978.69719448204,4555.18584237212,5048.87644915894,5697.25132780177,6221.42337303299,6092.78324493601,6230.29702791298,6346.39512245023,6772.52833330165,6980.42303765629,7199.24547787972,7096.60061493129,6756.93507434352,6650.58493982441,6452.35516529031
Antigua and Barbuda,15804.1215566343,15994.1761485754,17059.1371627749,18284.4676649436,19784.9667887268,22634.0010020186,24994.5582233496,25064.1017670334,21852.2030821564,20134.8172469042,19876.2153228796,20672.9120615171,20656.3815752968,21599.1991356695,22422.029389552,23670.3022557124,24644.551883064,26868.1335238429
Arab Mundo,9584.10830145472,9581.7971427276,9974.64189782621,10937.3160890742,11646.4860892337,12442.1879410371,13041.925530933,13739.7277458144,13640.8467804287,14127.778019072,14519.8815064838,15424.5851298861,15825.9289764827,16154.4175742964,16502.9906131099,16936.6128000594,17101.1308307964,17571.4131783648
Argentina,11514.6191069331,10310.1291162407,11307.7579844436,12527.8004962651,13916.5305134683,15334.9368605146,16994.6959837683,17850.1301895326,16753.3948878684,18524.8567559266,19817.4504765479,19764.2250138718,20365.6133492316,20008.3206437718,20551.8331919861,20130.4080257097,20843.1550676442,20610.5685495282
Armenia,2621.85436449338,3031.12188186261,3539.63026732939,4038.45507485388,4772.59004734909,5609.16896953225,6609.17182379203,7264.56119509849,6326.65796857486,6565.67866039471,7019.76774846004,7649.06153121851,8003.08776261057,8405.07365471642,8727.38544721151,8808.57271422555,9620.81849105517,10343.1755901515
Aruba,32117.9123240376,30862.2226879381,31387.2829554433,34176.4646014807,35207.5772430056,36362.2193169021,37865.4934863172,38515.2637965284,34693.0867452693,33732.847449979,35492.6184873268,35498.9820892515,37419.8928171808,38223.3722610247,38249.0548684635,38390.2716490175,39454.6298306781,NA
Australia,27336.6826900614,28718.241079556,29693.9059129237,31327.3774922975,32575.0692539649,34306.6523094004,36560.4056480642,37459.307649507,40300.3082316095,39324.3689530042,41965.3584189919,42826.789579996,45902.047948361,46880.2206571585,46276.1506853863,47305.8800224297,49628.8118138792,51663.3650948449
Austria,29715.2222181289,31178.6933297272,32108.632547686,33743.0447084692,35013.7140443423,37623.0757580996,39392.5405883999,41316.225176699,40926.5237645676,42006.0468807427,44452.7327457999,46457.3457770311,47922.0491207455,48799.7154676985,49879.2664728545,51809.5136270202,53937.0663797317,55454.689293289
Azerbaijan,4082.68232953037,4504.9764853301,5018.89005623622,5581.87125764378,7290.22995292263,9989.20647283044,12724.3483373841,14047.6601947982,15162.8877985698,15884.0447882908,15754.1523626148,16193.3956654,17216.1785348611,17808.9018991483,17973.0906671734,17417.0866945965,17525.2796310039,18044.1367837983
Bahamas, The,27102.4547934335,27812.3591441384,27482.0559133327,27956.3822863408,29258.7016152378,30326.4527288646,30996.428799745,30299.925482837,28760.5128586491,29099.0572097207,29503.7080684624,30656.1339457737,29977.7397698355,30482.1981102924,30696.3383891008,30863.2669254018,31155.1447519368,32087.7291547443
Bahrain,35689.4830603562,35551.5897386025,36338.5841612794,37461.9329888351,38492.0941855358,39170.685119132,40300.1797819493,40565.7798265568,39422.3421012556,39740.617935131,40168.3278932788,41753.1013827456,44273.4218466164,46331.9824180705,46911.9622733638,47215.7861780145,47660.7173057748,47303.0485062895
Bangladesh,1419.13778161562,1469.84576124734,1541.18592296435,1638.91616497517,1773.888587831,1923.41757295333,2088.72093530987,2231.68946441646,2335.91871656494,2466.90294873953,2650.72993332452,2844.70256474475,3033.40463209227,3240.88562338726,3451.398506706,3696.77619313802,3998.41942353744,4371.75498582046
Barbados,12659.7748307365,12917.4343137323,13399.2576695504,13905.8207566574,14850.1027872955,16099.4946964341,16765.324423418,17170.5908539541,16392.9574158381,16164.9811646958,16321.9834236748,16582.1300926302,16607.1823576019,16861.3465134409,17386.9395860396,17947.9633416955,18229.5876811293,18554.1292823844
Belarus,6483.76108187312,6962.79822751493,7644.92770592046,8809.52694481277,10005.9372508239,11409.2555972678,12781.8090928852,14409.2218838145,14580.5808004276,15927.8747037149,17166.6956434719,17807.4177409892,18298.8470648279,18949.88243997,18389.7437502613,18098.4228594571,18915.9398913696,19994.8040788005
Belgium,28800.1297092813,30282.2886450283,30898.6074431985,32033.8709623041,33177.8909458158,35222.6051497546,36755.6563289744,37883.3319417819,37757.2820887917,39836.8977087435,40942.372710454,42290.7620520019,43671.11959259,44929.685593416,46213.2665340101,47855.4902282394,50220.8666703868,51407.9983373414
Belize,5658.08868882986,5873.41137636632,6369.45747684755,6669.72180666449,6873.41576888478,7214.46735500458,7297.39843287217,7484.37002343558,7403.04414588561,7555.20430832874,7694.35511087352,7886.90193394527,7913.06167207252,8179.4564402616,8371.37437567136,8242.62959224905,8352.94434641064,8648.08879957291
Benin,1384.89728189542,1428.01789684328,1459.58466158446,1518.93258990056,1546.70844059023,1609.10467378397,1701.97113642588,1769.25243460662,1773.7297707933,1781.56331733904,1820.8893040888,1891.53038798207,2006.32788136073,2114.48031526921,2122.23559175409,2169.7558068286,2276.59572977231,2424.75584480555
Bermuda,44112.3269882128,43861.5704093954,45898.5811993621,47914.3737825122,49909.8809096849,53960.5565948174,56666.4415724346,58305.3793049938,55337.676032766,55241.0749004741,54984.5103947777,53137.2150704497,52547.3330901036,NA,NA,NA,NA,NA
Bhutan,2957.9173969623,3260.19236627659,3507.93456765063,3749.24143087617,4078.03595423053,4430.0068945578,5304.21831484542,5608.40756708611,5967.75080809652,6674.86281960045,7269.3431327835,7692.58153674325,7897.85449408846,8405.26969561251,8949.83705916897,9656.33926197415,10173.0510685433,10534.855703373
Bolivia,3546.11606277535,3623.09176962976,3721.05593916975,3909.06503911155,4134.61651256788,4386.56545489537,4629.68279755727,4925.91966975409,5045.33127267656,5228.11532909934,5524.71779777384,5825.13998451116,6231.29634495361,6593.23298218238,6882.48891602382,7147.83920980984,7480.07714054929,7873.16624301
Bosnia and Herzegovina,4751.11736117519,5136.52031267024,5373.14265907237,6200.62071114799,6479.66019242022,7406.34744829583,8188.58984099064,9028.86538080467,9030.46433192636,9347.58351722124,9976.47966210109,10304.0164615688,11016.5828511677,11433.1605263408,12013.9824977044,12824.0361342552,13735.0785041602,14623.6740532923
Botswana,8574.34376615296,9076.228393192,9506.49246622704,9849.79699514849,10421.3719283972,11401.3475984607,12409.2978745779,13158.8487123216,12007.2323898214,12964.3514434006,13838.6028216807,14558.0664085668,16310.1028851638,17092.1222420118,16724.5177802108,17314.7744445225,17784.8490351371,18615.7933362283
Brasil,9274.24759046068,9581.99283648923,9747.94103843123,10460.5506264868,11004.9561815779,11659.3927756977,12568.1979009379,13332.1438610193,13288.4354795748,14320.3686885704,15061.9531879979,15506.5542639022,16111.4426821237,16358.3907656928,15813.8554371321,15331.5485228462,15662.2404720854,16096.4009621464
British Virgin Islands,NA,NA,NA,NA,NA,NA,NA,NA,NA,NA,NA,NA,NA,NA,NA,NA,NA,NA
Brunei Darussalam,67184.354498275,69510.208531973,71514.3937218396,72549.2249587857,73930.4777031625,78411.6145987688,79631.1923638581,78670.5579459646,76961.8121967828,78907.8712156128,82502.9352973488,83725.4210254706,82263.498305978,80782.0314973982,80177.7561183152,78134.6665206263,79789.487859267,80920.0486841005
Bulgaria,6908.95605518324,7726.40097711078,8343.13885383018,9122.84955375309,10211.2798788526,11313.5508143539,12800.8166750994,14328.9898581008,14146.1068964246,14934.132741045,15676.1333354642,16208.2204291165,16571.028761691,17534.3032559292,18186.4872278588,19500.3294529732,20948.1942754245,21960.3699424605
Burkina Faso,906.07279057734,933.240365678649,995.464240876684,1037.23164396538,1128.29564793919,1198.7569255114,1261.98290234091,1339.24552299035,1348.00597328322,1394.25310031292,1472.71584137964,1550.63068365519,1620.20536870048,1672.02343716292,1704.85964271179,1772.8482792833,1866.51473323224,1984.8843059546
Burundi,582.467816905575,601.529755781346,587.242509946611,612.474437828619,617.061944452052,648.748987058022,666.875594936883,689.748643283268,698.173553305929,718.714469126073,739.219254973908,762.42247952376,788.893782667002,812.030043569286,764.195763294656,743.903597582874,737.978582864667,744.182072008071
Cabo Verde,3183.81940239175,3348.34960902125,3497.85319290202,3900.3359858205,4240.26508635846,4655.64532988542,5437.70991145294,5841.05876747843,5741.21820655033,5821.73980458961,6102.41216353509,6207.36142352013,6285.96982323493,6362.9604012073,6415.61246182805,6709.10991574177,7005.95868392523,7454.06391681042
Cambodia,1185.43325223969,1259.81370531937,1368.70089263429,1525.92872403812,1754.17113655131,1971.56304190576,2198.29217452997,2355.90362441774,2340.55856673089,2470.70415543532,2658.06255249593,2860.14673412939,3073.31814301847,3300.61675016579,3513.82355955613,3742.95879263803,4019.67998509631,4360.85440445566
Cameroon,2119.05892744127,2184.98245230143,2265.80585347753,2418.58814027564,2476.29931163929,2568.44247788244,2691.89728959388,2762.94201803182,2767.97483613519,2817.57272220138,2914.2376674035,3021.40920045727,3153.68235756659,3311.73400510519,3442.73447977112,3546.54456015868,3644.80109611048,3785.07997826904
Canada,30107.6569414056,30853.201316329,32225.0521212425,33796.9991962311,36211.0845984165,37999.0385951977,39439.8068856578,40275.9898957504,38797.3850494638,40012.3913979895,41569.449617197,42189.1961096712,44188.7317079989,45645.5642968788,44567.8663498079,45011.6431674509,46723.3177643637,48130.2559725043
Caribbean small states,9486.90314736569,9949.76575980767,10737.2192646238,11432.0774734972,12151.1679017018,13352.9144058204,14092.3735460333,14501.9837546245,14001.5325683654,14273.0047040968,14623.8580938131,14979.8511780314,15311.6449687579,15560.6184347502,15811.3535217287,15549.4158264785,15701.5975856631,16187.1118583243
Cayman Islands,61515.841019774,61566.9210669242,62207.3522726744,62748.131442366,67007.3467583863,70105.8999149482,72078.2533523643,71101.4710019968,64698.9904342842,62158.6030446546,62861.1807436011,63666.6114959326,64546.386054775,66497.0115338172,68131.324572506,70049.9818450345,72607.570767153,NA
Central African Republic,706.69817990405,728.166256455562,687.364904816057,733.317734648513,748.194265801191,791.985623772376,834.531689380773,852.929806208589,919.40855892341,962.291972162761,1016.21855192248,1083.68992544961,699.592880706766,710.812164523031,744.734542572878,780.905532608877,821.216202890807,859.935619639664
Central Europe and the Baltics,10782.2574380725,11606.6743469273,12301.6628627237,13445.6513850085,14282.3970282304,15878.1351114864,17719.1848942641,19650.1993033887,19672.2106655228,20739.746090563,22154.2490947982,22970.4487352574,23970.2077654041,24983.494741777,26080.2356203421,27360.0680507256,29651.1895116823,31214.2090199216
Chad,866.953457343894,919.302989978201,1033.57966762505,1365.77415387845,1593.19132483486,1595.09379921432,1635.09670591249,1661.63662222758,1688.08228231542,1875.55726136654,1852.93815588829,1988.06482318793,2067.79646737731,2179.24774129838,2191.74179537842,2012.81731594095,1929.47275158156,1968.25826164116
Channel Islands,NA,NA,NA,NA,NA,NA,NA,NA,NA,NA,NA,NA,NA,NA,NA,NA,NA,NA
Chile,9972.65102673782,10333.0636258187,10841.3238883432,11812.6350110434,12746.5833879323,15753.962990375,16941.8359830089,16501.8069214628,16159.6052340491,18161.8039224929,20342.5709204911,21507.7074027908,22439.2783559667,22786.6556024043,22688.010028123,22874.1494182583,24248.8607595516,25222.5277771449
China,3227.41943802326,3553.92379293948,3958.47197677039,4449.56191947187,5081.04904061954,5867.79687712994,6847.06962339115,7615.0295331201,8352.68993341009,9303.73369967246,10355.4957126354,11328.2817147499,12361.3979713938,13446.402394169,14454.9979690663,15513.2730433452,16782.2077582941,18236.6129816498
Colombia,6848.27854137436,7022.7396005875,7324.4008525759,7811.23008565862,8320.56929900869,9036.31424895926,9792.90295192225,10188.017061689,10274.4898568509,10732.7490513357,11650.1994926942,12226.2858371891,12891.3793105119,13618.1243607146,14006.153584302,14259.6093024949,14507.2612508036,15012.9302675399
Comoros,1939.27654926211,1967.64432031322,1998.16846311507,2042.26982624609,2114.65706848865,2183.49041378046,2206.55932912413,2283.89691313119,2318.43019553487,2376.53888567251,2465.32491834502,2531.03797668248,2627.34390037724,2668.89523057549,2664.2708772218,2719.2961739134,2812.03474675244,2913.38730578137
Congo, Dem. Rep.,443.574712092771,450.450417093416,469.770409824046,498.979870320802,528.974783764476,555.799957977683,586.995265353701,615.071974515878,616.658619395198,646.295395285628,682.007331980312,719.91425898658,768.644915678626,829.362645553059,867.08835736811,868.613356219055,888.677279967463,932.172006786861
Congo, Rep.,3790.96904008224,3914.89949027438,3906.12517693831,4028.31219598344,4337.19422774068,4591.99556092481,4483.92664714536,4663.01186224752,4886.38366883909,5214.50278197082,5353.80429630661,5518.96742183099,5667.59579899924,6017.67194682369,6089.83965522291,5833.99564357271,5614.39897394646,5662.06341112502
Costa Rica,8089.57938926755,8349.67112514342,8732.2289459762,9220.88915413131,9737.08881300218,10609.5068794537,11625.9304857052,12240.5790666493,12058.5238213325,12644.6966535469,13302.9282818352,14041.9937752817,14445.898359738,15067.3111823336,15610.8795501536,16278.6019026024,16976.1874153072,17671.0953526733
Cote d'Ivoire,2376.20723718085,2321.40190632648,2283.58800601389,2324.95811567934,2387.62182524642,2443.8515994764,2498.33589435967,2553.8380410139,2596.89747660708,2618.31891978017,2495.49512456671,2747.90052339133,2970.20233830059,3211.09974493211,3444.44979975855,3665.55048578514,3921.7133363444,4207.08693435064
Croatia,11613.4839342,12647.6391339883,13550.1729691309,14534.4522355604,15303.8626234987,17431.3047095463,19354.9821889334,20776.4481468631,19998.6846884633,19761.4849126156,20743.5063798886,21136.4032954146,21769.2799583314,22062.0257043498,23013.6220508491,24511.8948549293,26351.9070402821,27579.7808327382
Cuba,NA,NA,NA,NA,NA,NA,NA,NA,NA,NA,NA,NA,NA,NA,NA,NA,NA,NA
Curacao,24497.7019353271,24953.4559415444,24969.8631515843,25256.1041259458,25558.8273132702,26084.5128412949,26910.0810174674,27683.2568776301,27566.0128007531,27559.1970471534,27907.8660198663,28168.8301764407,28115.0057981999,27941.568194937,27947.8216672263,27679.645029596,27626.6409480366,27743.0700522301
Cyprus,22871.3836699875,23556.4139278627,24252.8976002779,25921.2044367465,27763.177389335,29984.1850612746,32849.9410426219,34824.0829909209,33888.2852261088,33230.7989411299,33192.336901327,31914.6834217479,30620.8621496663,30390.6080662609,31578.3544277306,33682.4790814849,36155.4807539388,NA
Czech Republic,17554.4877246829,18189.2343541554,19426.0851264696,20799.157638979,21956.3838583853,23776.4870553843,26124.8954490421,27844.7953264656,27599.3008601602,27667.4328953053,28797.4179611691,29047.2464395949,30485.7141541113,32263.3157548997,33691.4242392608,35230.5224608776,38019.5805142033,39743.5970941416
Denmark,29449.6194019362,30640.3456230968,30786.2489548486,32908.6807918313,34150.1594558945,37295.6593508184,38968.5153979593,41278.3268270571,40339.6771281296,42999.616135066,44403.3848413929,44803.9682421214,46726.8541437832,47901.4473627066,49058.5010658416,50877.4472936396,54282.5477398365,55671.1652650668
Djibouti,NA,NA,NA,NA,NA,NA,NA,NA,NA,NA,NA,NA,NA,NA,NA,NA,NA,NA
Dominica,6687.47949686741,6584.45075700507,7106.07426303843,7489.87533432406,7751.06609555864,8342.4148787227,9100.90183551733,9934.09325405675,9889.38410348229,10068.0688003805,10249.8954096293,10328.7304052329,10397.4417506091,11054.6314507234,10857.2017715934,11236.9524280375,10649.4192927032,11129.8611927628
Dominican Republic,6803.99879366689,7117.69738479401,7051.02351745837,7324.22826691204,8152.85962190857,9049.39913010968,9853.1717179896,10236.5448359514,10283.1614743855,11132.9376434513,11580.5687761449,11979.702264559,12634.964570894,13623.1182071266,14555.7411939284,15519.6168168975,16370.9561756104,17748.1853186175
Early-demographic dividend,4215.15530751884,4295.20669311923,4533.23324120042,4886.2717069347,5262.13574236853,5697.90428317459,6121.35667392254,6406.50914496077,6511.81591257012,6921.80781622074,7322.50374510573,7673.02465378755,8042.99663746028,8465.50015696255,8859.24765685651,9311.27207162969,9832.88596036442,10371.9336381714
East Asia & Pacific,6013.60601463654,6385.8514568548,6801.52602414533,7382.31736655193,8033.16562116788,8820.13343055143,9753.8493685064,10380.9491593174,10782.69078864,11705.4199329048,12595.7798964688,13472.3964777027,14411.2302134605,15283.3856464232,16136.0764680586,17011.7243722232,18108.2014260298,19329.7758996229
East Asia & Pacific (excluding high income),3552.64922421035,3851.21026508199,4221.38903523779,4676.25712453493,5235.22577896525,5911.19153680442,6734.51211234241,7375.89498803337,7925.71023459307,8725.22483907033,9574.18405365004,10408.3337749829,11260.5917277194,12147.6562885486,12973.8138946555,13841.6710856248,14901.096193573,16113.5406974031
East Asia & Pacific (IDA & IBRD),3591.33592113435,3893.14816700462,4267.36065335825,4727.17609629284,5292.17188799442,5975.36607493661,6807.44920693004,7455.54349146386,8011.03864365263,8818.90191225526,9676.71589022237,10519.5138907094,11380.5652781136,12276.7456954572,13111.330148988,13987.9582082168,15058.0949334592,16282.9374331991
Ecuador,6110.4588461315,6348.92491342029,6530.51721419353,7135.98585253973,7619.0339457554,8059.13130374973,8316.56816658788,8868.93759137135,8841.98438920763,9114.33832830641,9883.58002854238,10483.1341313445,11028.4290437324,11484.1716060503,11431.9915842066,11222.078486215,11501.0102924017,11734.3873890471
Egypt, Arab Rep.,6199.41007091347,6327.81079795379,6528.67532667129,6852.14983040786,7249.45256642838,7839.84225682112,8471.3434867587,9091.00066480062,9411.30496880418,9814.29845487948,9982.84570166468,10172.9830562616,10340.5421440703,10601.1666900382,10938.8618617073,11294.2492422293,11742.0500879694,12412.3094005832
El Salvador,4573.70642645381,4691.69114330189,4827.61351731559,4977.06713932403,5246.37955066824,5614.5814900085,5847.27216403044,6088.37782069825,5981.52653144745,6152.3947446649,6492.63255034466,6773.62243512675,7014.69214196257,7236.11736171435,7453.42973228063,7686.14393726902,7972.78289536147,8331.80414200319
Equatorial Guinea,13945.6360017588,16236.600978313,18069.8993277537,24525.8652414284,28241.9280723291,29941.8589733777,33840.5510026199,38790.9039784876,37820.9548140404,33294.6534965385,34622.1162657965,36576.0904309039,34180.7115318707,33542.7650820436,29592.379672326,26232.1337762133,24532.9520018941,22743.8244342202
Eritrea,2121.70203918172,2124.88834599184,2009.73975002053,2002.32794235263,2037.79285459683,2013.88919550739,2042.66479508839,1838.04301642641,1888.6151795324,1921.43478978428,2102.95405980347,NA,NA,NA,NA,NA,NA,NA
Estonia,10326.179421977,11670.3652656957,13122.8391600943,14521.297790749,16624.9120413037,19313.2642372794,22170.2522577934,22830.0903163589,20597.9334728765,21796.6100997635,24780.9787761938,26190.5529510261,27642.5853670431,29135.7043979166,29397.1298449963,30913.2051238477,33675.4577075001,35973.7764604798
Eswatini,5025.16816427693,5299.74750762016,5587.10792054286,5925.2642971962,6449.37007039588,7005.21933560337,7465.18762579611,7619.6304786302,7742.41072484746,8073.51173066176,8370.81909722899,8930.86256183463,9373.00302828003,9565.5315823751,9810.545674666,9953.99547724318,10249.5116915508,10637.8417276438
Ethiopia,531.53379385437,532.626621805948,515.873303337688,584.896866866195,655.786698721255,728.390515986983,811.064277431763,891.276432732849,950.554329358578,1052.60667249851,1161.58143397688,1250.35122224316,1367.71414426889,1494.11205196438,1621.70672639925,1746.16276984628,1897.2490774949,2022.13796136605
Euro area,26505.960329621,27535.032625592,27952.9652595674,29051.4149468615,30076.708583911,32500.3338667029,34385.2126318526,35709.6314321742,34794.9443502844,35768.8432855554,37435.6703464808,37801.9210021728,38981.9561214963,39949.4520203638,41053.3333202391,42711.5374173216,45090.4610058817,46207.3235069981
Europe & Central Asia,16690.3031640692,17490.9783800214,18141.6325192583,19261.6756435504,20307.4247963124,22474.1713019743,24083.2156087543,25738.7857252695,25026.9310329729,26070.6907463,27865.1447034824,28589.4783014284,29595.8326935419,30357.720385648,30851.997990208,31768.4813572155,33620.432377564,34702.5547227272
Europe & Central Asia (excluding high income),6483.96318741094,6950.68215291904,7663.16960036136,8588.99245867295,9658.49377771893,11553.8591125434,12895.1096468667,14815.2573606754,14330.0668694296,15296.9439039479,17372.4052827111,18296.2842300391,19017.0427037121,19482.3244753658,19251.9607863747,19592.8661324994,20906.3606652182,21931.7244501373
Europe & Central Asia (IDA & IBRD),6941.13287621367,7432.37373721228,8125.53010664906,9065.23856271963,10086.0758664887,11926.1641964156,13299.0091624548,15178.6265267408,14812.6993527701,15836.4233951006,17875.2731853222,18796.4524982575,19527.2834513719,20023.7848998829,19924.4573464851,20316.6872217202,21703.2746933281,22758.6641879978
European Union,23723.6992044385,24770.5745756429,25347.2344711495,26574.2048676365,27516.8098398175,29777.998651196,31556.6018849393,32994.8970220342,32204.1722914739,33281.7028900649,34802.0568611364,35359.9823078779,36575.6951677645,37604.6448564493,38767.0302020768,40276.3144276348,42598.799016465,43737.7380895989
Faroe Islands,NA,NA,NA,NA,NA,NA,NA,NA,NA,NA,NA,NA,NA,NA,NA,NA,NA,NA
Fiji,5517.36059043661,5774.53023666351,5934.62453819738,6403.4019634625,6618.78484163568,6892.83669549767,6947.96198649698,7078.62736616802,6965.5389437375,7202.75836335839,7520.37365528929,7758.21876915102,8262.95731183168,8882.38836461415,9372.54233708342,9670.84100111229,10329.438792097,10879.4784622426
Finland,27807.3197803378,28605.1223159604,29019.3103958371,31173.3230804735,32051.7940038456,34419.380646761,37801.784534824,40083.6972699668,37980.0651571834,38953.3575952203,40916.8385790274,40873.0953326066,41493.1416470359,41757.4021894413,42535.475165346,44015.5299223421,46735.4107423245,48416.93602994
Fragile and conflict affected situations,2528.3316133301,2491.32012381486,2338.86001925714,2702.68147140548,2904.92980623929,3133.90693782123,3313.50931716583,3490.11549944331,3598.58103565335,3794.57848105526,3591.67758196678,4026.4026269537,4171.9629638498,4202.14510220848,4243.7891138213,4456.84933285496,4561.92674645481,4666.47581828596
France,27501.5424106098,28523.8857271382,28141.4613974335,29034.0007086989,30498.5792943609,32434.8602641227,34088.3600835306,35095.2629574491,34685.17379693,35900.0455682618,37440.6386298685,37679.1217798605,39523.8539542181,40141.585477622,40833.2420664584,42047.2872382377,44255.9416401023,45342.3957360832
French Polynesia,NA,NA,NA,NA,NA,NA,NA,NA,NA,NA,NA,NA,NA,NA,NA,NA,NA,NA
Gabon,14453.9672197091,14301.4324322433,14537.3885172341,14655.9453913057,15106.7781499186,14708.2337595245,15549.513219436,14863.5683793029,14514.7729871153,15190.4144124785,16011.1245045144,16536.5659575193,17116.3436462546,17548.2712911969,17819.5595910343,17839.8973012187,17762.4086445387,17875.7611482905
Gambia, The,2045.71586907875,1947.27252543602,2052.93939131966,2186.55945093342,2134.31033591454,2121.13587008058,2178.1535382926,2290.38624555601,2389.54903807679,2484.66916783389,2261.04901704761,2352.8084205076,2389.25392755288,2328.65087626561,2376.47891422376,2377.04224368238,2464.77371557032,2612.00099501428
Georgia,3190.18848463725,3448.84407212077,3927.81115258793,4293.78808285214,4883.04230505527,5536.08675714952,6433.36202290028,6737.55843948984,6599.44742762899,7145.52019253308,7897.69625497106,8627.62315550175,9122.49065639441,9699.50634054425,10081.4351252139,10480.9656160071,11191.3361771962,12004.5738332821
Germany,28380.3841210923,29178.6374658122,29875.0279345237,31305.2879360128,31794.0960095207,34124.8742659227,36252.4119582804,37802.3874303197,36823.3802837696,38949.5497636642,42541.5310884096,43359.6148271723,44993.8927459315,47011.5510935131,47683.7885959958,49516.0826931853,52055.3099535207,53074.5401181641
Ghana,1831.4410105043,1897.1295183933,1983.47647757735,2098.15670952146,2234.20145413424,2387.35854743503,2492.89798496261,2703.30262688388,2784.13827919895,2964.43111957978,3368.80083733842,3664.60015272442,3909.66952295901,4006.18647531648,4044.41336917765,4135.6449997765,4457.35584649185,4746.68499549277
Gibraltar,NA,NA,NA,NA,NA,NA,NA,NA,NA,NA,NA,NA,NA,NA,NA,NA,NA,NA
Greece,20963.5603634318,22615.9356489706,23870.1600997422,25437.2684267066,25577.5240795599,28519.5389434167,29291.9236888183,30856.0118268477,30365.3999269637,28148.4224229962,26141.3195918975,25284.4640766238,26097.8719008736,26838.4552283268,26902.525319841,27273.9345786637,28579.7945258539,29592.1524196167
Greenland,NA,NA,NA,NA,NA,NA,NA,NA,NA,NA,NA,NA,NA,NA,NA,NA,NA,NA
Grenada,7568.45645126042,7922.89553701431,8802.26557809391,8951.28211141626,10423.8603209328,10283.7952520972,11179.3057950946,11475.727828763,10764.5139593804,10788.9895185926,11040.109484721,11054.5848688294,11436.0258114446,12424.0676821701,13280.9824329701,13844.1434651551,14654.8664359312,15557.5450365264
Guam,NA,NA,NA,NA,NA,NA,NA,NA,NA,NA,NA,NA,NA,NA,NA,NA,NA,NA
Guatemala,4935.71279542107,5086.55078578768,5188.20405348101,5368.50732816393,5585.65072503745,5928.02611187245,6327.75498987348,6516.89098775027,6458.25303430575,6576.66860854135,6844.54052794213,7031.53131061267,7264.85382669257,7552.71798310916,7788.49793362438,7955.3200105558,8166.85746650737,8462.37400812193
Guinea,1253.41676090023,1312.64635398431,1327.88706309787,1368.55332555164,1424.14768484886,1453.00418073939,1558.614435573,1617.11761418497,1574.66320444874,1632.38630392217,1721.45135851851,1817.8526020908,1880.2385138099,1940.6349426703,1986.35305664782,2167.28239230766,2369.51917000363,2504.86974463305
Guinea-Bissau,1147.82678812128,1129.32775164968,1130.83127656967,1165.91743325564,1224.22226906924,1259.81238283362,1303.72463283951,1338.11014245523,1358.99826105238,1401.69245595324,1506.69531157217,1469.8050436043,1503.74588622381,1506.58951397109,1574.46116409323,1648.43833233456,1734.71490884183,1799.06789098093
Guyana,3847.73904192187,3955.08419871885,4001.16270084537,4169.79478566721,4213.38964095851,4562.46578926527,5013.01845155461,5209.15179962127,5428.76216652942,5706.20076815921,6106.96737115033,6523.25826256377,6935.12292074297,7302.4069815492,7565.79971940107,7865.45060893712,8142.57609813993,8640.73737016211
Haiti,1355.93100300333,1351.10611168731,1358.55349783227,1324.11389361453,1367.59987651698,1417.62964434333,1480.52853031659,1498.19967427988,1532.11010030023,1478.7362546883,1569.19815791418,1621.37147134299,1695.14160751027,1750.20293330448,1766.04423886208,1787.15940292836,1818.60669538941,1866.61758904114
Heavily indebted poor countries (HIPC),1217.64827022098,1242.20720310356,1285.8362324508,1355.63432620055,1442.38615148355,1535.64291388979,1636.7668214985,1722.8456158764,1763.04057547089,1839.38168406144,1911.89919033118,2004.26440225661,2099.71117738726,2196.52407807455,2265.70445803574,2335.35303320683,2437.00711836638,2530.64447697397
High income,28659.190160404,29590.4724979372,30570.9048079991,32263.1758616724,33833.2566814636,36012.8326664961,37767.1074031949,38702.1777088514,37695.1488729558,39091.195851771,40697.9557166965,41846.0382670526,43314.0742962349,44581.0874954558,45831.411003913,47015.7031664039,48929.9901355758,50630.9621222157
Honduras,2686.72692971274,2759.21244534667,2865.03961819397,3049.73377263049,3256.30017585695,3493.06359041167,3723.88430724369,3871.46939133575,3726.8261488449,3832.54540991354,3984.49726718677,4150.26586843221,4263.12015736704,4398.09663427997,4536.135356482,4683.12669637731,4916.72379247097,5138.75245733876
Hong Kong SAR, China,27613.4124290995,28388.885005329,29858.750654976,33071.3640939402,36461.3831868343,39949.1393473734,43300.4342694208,44813.1079299907,43949.6027923571,47123.3433947867,50085.9593288483,51344.5070450814,53649.8893340125,55781.7736732117,57235.1912267908,58755.3200552918,61713.4155419622,64596.5638523698
Hungary,13213.4452709334,14526.3882629125,15464.1715510701,16228.920550789,17073.5514251442,18342.7152343631,19045.8084134439,20696.7285678852,20678.0683119944,21569.8900784948,22894.3476393949,23148.1278813822,24498.1791614004,25604.9882089604,26668.0408752434,27171.159453304,29159.1264479462,31102.5027541193
IBRD only,4664.90207806689,4897.08921234862,5230.45127584408,5734.10572391172,6281.66600631978,7014.6225441432,7759.74575520218,8378.3204213693,8633.2294857782,9317.68258653713,10083.1558477741,10706.1326667852,11318.7233630137,11931.4424206304,12408.7581825363,13026.662167254,13860.3542797632,14749.8277435078
Iceland,31775.1584348474,32524.0232505223,32619.3587350993,35608.0694559604,37233.1962853091,39093.9519586874,41160.2365118634,43318.3527469996,41905.3660341379,39576.9712388463,40767.2364144887,41926.3419355085,44157.5524601264,45714.8938116702,48728.0993642438,52582.2938522275,55322.0901345058,57303.060783165
IDA & IBRD total,4034.2776296433,4226.80475492689,4498.65594082846,4913.72458975248,5364.60973044027,5958.00521184341,6558.64763386217,7049.863022918,7253.05048190724,7792.39413152084,8389.44574610506,8878.36285278991,9365.75867224328,9851.84749445682,10217.7194625929,10681.3911424325,11320.0767995773,12003.4065323641
IDA blend,2571.7112706398,2728.01941222837,2851.15208312999,3082.45442612065,3313.57485459366,3539.87964575434,3755.78716042693,3890.78924520511,4027.61209178198,4193.16882195324,4376.97308411166,4552.13656269135,4782.65442276003,5029.33854218539,5172.73839182963,5232.50882804223,5384.44143304784,5614.24668006088
IDA only,1357.47163167294,1398.95852073408,1466.51606444203,1559.87753884753,1678.46005893827,1804.85486944868,1942.3741048477,2060.05080825513,2130.88323424258,2242.97131733656,2332.49743189688,2446.1473791579,2587.02467687489,2725.36146055581,2818.79406673775,2923.4168179004,3084.09097808251,3251.54043856318
IDA total,1774.59730232044,1856.31685378787,1942.32666460701,2083.18045406067,2240.03523704497,2400.29225162202,2564.1159493333,2686.84693558901,2780.75226881018,2911.60959117293,3034.67390731471,3169.78108927658,3341.90737834943,3518.17498453162,3629.06951211043,3716.95181730829,3872.96897628058,4060.89995601158
India,2270.71856303313,2354.26509965766,2544.11225096444,2774.42085837585,3039.12869822893,3331.59212661129,3628.00133755894,3757.28918358341,4026.38083277249,4360.15405040966,4624.56140396297,4909.58407584908,5252.27239741271,5682.73128543749,6133.88701518465,6634.84457365362,7168.99248444753,7762.88176956734
Indonesia,4827.43878507286,5055.35583412103,5323.1045067355,5664.89391328393,6091.92245334906,6534.07550966074,7041.48699378087,7510.10011836087,7813.09010597305,8284.50129449844,8859.13999816102,9444.948401432,10009.6654832984,10570.1950446793,11063.0622072345,11604.5252492562,12279.183275732,13079.619296594
Iran, Islamic Rep.,10713.5831538826,11528.7706833742,12611.4655116221,13355.1430214772,14045.2084944317,15023.0844357647,16501.9742671559,16681.7949720279,16791.0588830626,17767.5022142136,18400.9062905794,17149.7392216707,17202.3003001436,18101.7762970666,17817.6364749318,20150.3222604152,21011.2883087802,NA
Iraq,9861.52026513667,9055.55115425569,5999.13099129641,9255.53031971093,9738.63913850825,10840.8175772592,11098.1313804646,12040.2459703622,12287.7296540565,12884.9038434017,13693.9763684829,15320.8864698408,16133.5652409149,15950.1962930714,15981.3150918279,18085.8764733014,17519.05421645,17435.8539331446
Ireland,32546.0914773789,35212.0947152903,36237.7712777675,38669.2041409419,40437.7745791191,44204.9969040869,46759.714841514,44283.7301119233,41621.718321539,43295.0179148943,44855.3247012361,46256.5688825764,47897.2916625856,51067.9767132391,69056.0460368695,70522.225919013,77596.3550528709,83203.3946770927
Isle of Man,NA,NA,NA,NA,NA,NA,NA,NA,NA,NA,NA,NA,NA,NA,NA,NA,NA,NA
Israel,24918.0042798502,25224.8787374278,23821.5450976066,25224.3644765757,24831.4499182696,25678.7142850591,27487.8446225651,27433.0634931255,27501.2941429847,28861.9399087042,30539.963366648,31693.917871933,34145.7125990963,34212.9444888986,35436.8108730888,37463.1990777849,38866.1107012773,39919.1696489174
Italy,28045.448432517,28736.5771073504,29164.5952658333,29527.7909380513,30130.6444569128,32419.9361477515,34108.2042928282,35523.2713104342,34610.0314472579,35155.6680557794,36598.0149693024,36486.2967870302,36314.6971007775,36194.873918843,36909.3283742734,39178.3999979522,41200.0287210871,41830.4263276444
Jamaica,6495.14700297789,6684.32279000524,7014.85456669768,7257.34031590721,7508.98819198958,7918.87943430991,8206.86618603519,8257.87039405455,7920.23110484866,7853.97486377086,8112.12923009471,8170.12900182618,8306.75523619801,8473.74342693856,8595.88658964909,8763.300248235,8974.33981952621,9326.66405867008
Japan,27472.5471191491,28160.1076146939,28924.6821605164,30348.0419689178,31663.4530989772,33090.1962558485,34501.5090143849,34798.7658977271,33198.616113072,34986.9945402402,35774.6967129559,37191.3859456258,38974.0794886127,39179.155610609,40396.2432092141,41118.0780381719,41958.9621557727,42797.4585169914
Jordan,6142.84266277533,6476.61252635302,6724.04338639789,7300.2190092492,7879.09502231991,8443.67723499297,8983.91303902707,9369.8844961468,9471.84356825329,9306.48879741245,9235.87913208618,9151.7324728848,9093.01001487925,9123.97870874389,9089.00686440822,9092.95427812441,9241.51375429203,9478.90458750285
Kazakhstan,9200.7844571847,10261.8349647859,11386.1132268159,12726.3994350879,14268.3375381591,16101.8329632671,17801.1435283837,18519.2510987782,18392.8849850481,19685.3517063285,21276.9340240625,22407.9833148643,23823.8861287707,24924.3702090645,25123.3179899728,25314.8655360646,26490.8437742588,27879.7519462896
Kenya,1722.77206623963,1712.50683094794,1747.46454477529,1835.48186319305,1950.28767014442,2081.16429762489,2221.12281198187,2207.64203168337,2235.6801113298,2385.99264504313,2515.92747137232,2610.73799579767,2740.02864000564,2867.10191001328,2988.07328220834,3121.83048906587,3258.15449927434,3467.55647830821
Kiribati,1567.04121480786,1624.56534175181,1658.86322839244,1644.95458417253,1744.97485810154,1758.45949759349,1800.75489371694,1756.7303434587,1745.98690684999,1716.05922699588,1749.23346125585,1837.99193779004,1921.61445919552,1917.62741344392,2110.11727296233,2210.8507193333,2227.92099491753,2293.92033296962
Korea, Dem. People's Rep.,NA,NA,NA,NA,NA,NA,NA,NA,NA,NA,NA,NA,NA,NA,NA,NA,NA,NA
Korea, Rep.,19168.2151242357,20775.1051401435,21376.766166259,22936.8116300302,24196.4238503746,25820.9716329396,27822.276531614,28655.9835241828,28325.2092954875,30365.2783684757,31228.5106952266,32097.164002476,32615.7725895835,33587.5833961446,35760.734442377,37142.832902789,38824.1153902612,40111.7757574615
Kosovo,4782.37963536478,4820.69744982472,5200.32941351688,5476.11340743729,5983.30439978262,6390.42047774724,6983.87919954948,7249.40935980755,7506.89862042454,7782.87510680613,8222.2857122545,8547.65238422088,8903.76342927097,9194.7418194884,9781.01967903813,10208.8579003285,10756.6634607968,11348.3634485683
Kuwait,55831.3546128736,57502.2645597083,67935.0551459142,75549.6717371424,83521.9999006255,88482.9835752878,91290.7151414351,89916.4733534645,79265.5930687249,73817.9769800998,78021.6716759992,80209.8145314314,78399.2471705726,76703.3116715044,75042.1419674516,75689.2757480588,71695.5642102118,72897.562345371
Kyrgyz Republic,1759.98981239163,1771.18588863959,1910.77178046053,2074.83559428422,2111.7571521196,2219.18578578535,2449.99965325597,2681.89343420632,2746.97206910092,2733.07926789609,2920.6032099095,2921.60378315197,3232.12875424521,3356.98344766007,3453.36074582615,3567.81268444757,3733.60613755552,3884.70880922506
Lao PDR,2105.34274498429,2230.72500331119,2373.96359814939,2553.68469494692,2776.51767224465,3056.92731902409,3321.33933615938,3589.50200054143,3823.69226912636,4130.54718739444,4485.18112656039,4863.7917323043,5267.28464351982,5689.82855013268,6075.9527986298,6473.24369563824,6942.23841658624,7439.5993595197
Late-demographic dividend,5072.11193985892,5444.45980453081,5915.311142913,6530.99302155103,7236.48364090774,8237.19036937106,9269.01777987801,10209.0408413252,10608.221850193,11537.7501813495,12702.9841505386,13621.5931464929,14497.9113975095,15330.1241812643,15955.4880350804,16689.0103009237,17812.9010598493,19073.3599520866
Latin America & Caribbean,8938.31344343473,8981.1812698833,9210.35916013587,9915.3275143797,10544.1804032931,11430.601346788,12239.5287271383,12855.8209700847,12648.6347426106,13438.0594825761,14320.897449019,14831.7318120233,15329.5865591277,15654.7368357399,15661.9351246154,15674.9800466452,16156.2046855486,16590.2222494058
Latin America & Caribbean (excluding high income),8709.58541806731,8739.75478908522,8952.76239766419,9627.78137249046,10241.9696729585,11057.7610037669,11848.6337145066,12493.6423026431,12292.1169813095,13046.6576814841,13886.9502198225,14365.8539477753,14840.8946506905,15156.8857402321,15155.3968634354,15156.1543862655,15604.9657842913,16017.9960913673
Latin America & Caribbean (IDA & IBRD),8843.64705528707,8881.61439140328,9110.01961745013,9800.70720643997,10433.9258730733,11326.5180626567,12140.3014855362,12762.7871518565,12556.0053664056,13352.7089304971,14240.9575891185,14750.8332064881,15249.5754563843,15573.6907783319,15577.573194515,15587.6427982442,16072.4180643937,16510.9587533277
Latvia,9018.39741496628,10052.622725727,11010.8852742509,12199.1641064643,13836.8435517688,15745.1031259517,18127.1567319641,19466.1450948568,16924.0311510137,17587.3459638947,19789.4764031104,21291.1197025538,22692.8534428152,23844.2261210006,24830.9342854527,25875.9873496488,28115.3476935424,30304.852496882
Least developed countries: UN classification,1240.2692238411,1289.21525162612,1352.15763885696,1447.3122898383,1573.92721381615,1705.23801853226,1850.25546975804,1972.1205141913,2038.68549931281,2145.48459587476,2222.82298001158,2327.00121210727,2450.02769759938,2574.20992737939,2651.68759292346,2729.56593849497,2859.09695545406,2996.96466387869
Lebanon,8632.38592929927,8654.47791969592,8672.16365437753,9091.1631793197,9366.76544452351,9688.65623535171,10860.9208888184,12102.8368056162,13286.6125663111,14111.1913921487,13841.5350103708,13610.8883532687,13309.0199529047,13049.0329582958,12695.4101431083,12693.5641823956,12813.8695525543,13081.1074629124
Lesotho,1377.59123013368,1413.61527575002,1514.08608475158,1590.9428319361,1705.71688728589,1837.35620522992,1980.90015391975,2155.30697822354,2215.17737497386,2378.56357773583,2578.63963387474,2767.67561032681,2857.76883364933,2972.01294621374,3062.06883551349,3170.57860755126,3132.49553353576,3219.45715691253
Liberia,1063.61081340648,1094.84937391824,765.7607838077,791.899300566878,837.661323587308,901.315450904391,974.919319632846,1021.82398381432,1041.94548614859,1078.9460461099,1154.40937039294,1234.28081872855,1329.04928288563,1328.91311080663,1309.26956499188,1269.88622269703,1293.41593413888,1308.62953596446
Libya,17230.9110576969,17060.3186587007,19326.3760015303,20406.8275620111,23181.2679629022,25053.957398636,26958.6333569799,27825.0708346714,27474.4903790716,28890.3654535984,11096.1563633459,25080.9683779471,21929.5035056634,16870.4851323309,15403.5732227291,14964.5228796856,19056.8042970874,20764.1641363784
Liechtenstein,NA,NA,NA,NA,NA,NA,NA,NA,NA,NA,NA,NA,NA,NA,NA,NA,NA,NA
Lithuania,9451.63652341646,10494.3517874081,12067.659169858,13031.5005429199,14526.0824049391,16484.5920202619,19095.436767479,20744.1275295851,18145.8529229608,20039.0100196939,22823.9183852478,24645.5690883586,26680.0341634064,28156.1358105285,28823.8128915519,30334.1908669113,33314.7403681721,35461.3590993235
Low & middle income,3934.99076781877,4123.26565776752,4392.3006464336,4799.69088844444,5247.21685570569,5825.83430069066,6415.04819035798,6900.40910020726,7102.50185868522,7629.60607893674,8213.21513441367,8696.7416426943,9179.95636618036,9664.25125350731,10026.4075147321,10488.9304775603,11115.5277305184,11793.6563013437
Low income,1118.75934739556,1142.25649781093,1183.80677649529,1255.01294140412,1340.90791206716,1419.14766361318,1508.63717480393,1586.55466743094,1638.53409392094,1729.03345168428,1774.89838882778,1833.55853774313,1932.0193481905,2029.21414724799,2057.38180737518,2095.55170030331,2184.87460050133,2287.80691230164
Lower middle income,2728.89470111361,2846.40862547207,3027.40888030699,3272.32826918498,3541.67468117879,3843.34283326285,4157.58171665245,4359.00273223406,4546.78475052793,4838.1941098169,5104.59122064606,5387.08451697509,5704.61895605117,6057.60835569593,6386.50165242392,6742.0872034285,7166.78105850272,7655.92843399679
Luxembourg,55894.8045545803,58771.5092731796,60039.2987437538,64051.5559251753,68220.0644818574,77951.3647387768,83981.7358747083,86693.8951220862,82278.1973939736,85613.586610591,92005.0168361444,91622.1774169388,95590.5386984251,101297.575745297,103750.775104054,108165.761406173,110589.192416989,113337.420494703
Macao SAR, China,34526.3675738309,37283.9464101677,41356.4123640303,52527.8789376944,57164.4516931558,65257.0093414759,75063.004323561,77472.7779266493,77417.8456871582,95951.9622755699,116456.956686053,126618.372747962,139962.174945021,137832.961536934,107069.595634601,105577.666170523,116370.740263427,123892.166434539
Madagascar,1407.82111831748,1211.28597277622,1314.21068595493,1378.74050909096,1443.84054944638,1517.2715026067,1608.13545268238,1700.21266037613,1599.21490339838,1583.03611818757,1596.89408977853,1631.31232949605,1652.67103922669,1693.7950990893,1718.59753219304,1758.84516294128,1813.51549291141,1891.32066763688
Malawi,665.897847163689,671.388291475611,705.615599275423,745.158290594501,773.116298974779,811.595309406476,888.201894336937,947.243523144899,1004.66075754849,1055.49399020789,1097.94213514177,1107.97055007157,1152.84856877568,1207.29440992259,1220.22958748064,1230.41657132962,1269.64459549711,1310.99555499899
Malaysia,13037.7003700322,13670.0376366382,14437.4067076494,15522.7040520606,16531.598918338,17632.1305988598,18872.8219549038,19787.6991497507,19283.4523118174,20605.2011124392,21806.8227852715,23105.0752924451,24279.3716940587,25875.5026744642,27116.5762566726,28246.7505474921,30025.1765538208,31782.1533573136
Maldives,7472.46450776797,7924.27981365322,8923.52934528721,9448.78665826078,8242.99142916779,10452.2742208537,11296.0095601101,12303.9704354052,11177.8559623983,11720.5281319198,12486.4469115962,12496.4282598589,13039.0479167402,13622.8857170523,13546.0502260319,13931.3627832209,14523.9963660733,15307.7219374077
Mali,1335.566577923,1357.25774640708,1462.47826304413,1477.63467320752,1571.58768307897,1639.71932845304,1685.39354223852,1741.2491362276,1777.6900794192,1836.81621669854,1877.89282805323,1842.68660161158,1863.3677566786,1974.217655054,2053.12857449103,2131.58970330471,2221.75788574413,2316.6551998375
Malta,19621.3445428203,20561.6940765116,20937.6038203936,21401.144072919,22232.4828863504,23223.9771252558,24893.2011506819,26193.1828466192,26139.5081810283,27809.106496918,28585.8204520107,29437.1690292596,31080.2683827856,33391.1106767158,36195.5631907797,38347.8685746424,41510.2890088613,42581.0978615749
Marshall Islands,2668.12942837962,2760.84107302883,2710.46542410316,2757.24809241076,2866.9396526901,2946.29521743258,3093.46513792563,2934.23005052997,2995.23435050235,3252.367856745,3285.58253525386,3258.50077384902,3425.60154647446,3443.02834153973,3519.21814540136,3585.71074656695,3780.93897001437,3989.03765796221
Mauritania,2288.06706602536,2275.9615764105,2388.84488620031,2521.69123241646,2753.87736634071,3277.5131884251,3362.48497202591,3366.39302250437,3260.58863987081,3356.36134613617,3483.52210100308,3646.72756780893,3822.31254642539,3993.31701547026,3937.94710772076,3940.24457666861,4023.49923823413,4150.96524599535
Mauritius,9407.27454046622,9643.21815509027,10329.2967510206,10997.5026631706,11473.5070150015,12338.1810450901,13334.3301683443,14274.2743840944,14820.4986594512,15612.293422057,16561.7709831855,17421.1450178022,18282.2280771971,19290.6919260322,20162.9966825227,21151.2477704482,22355.1905207207,23750.9880399871
Mexico,11129.8689578182,11187.4776219579,11482.4495877714,12085.7617953942,12657.6371945575,13808.177624733,14290.0672372946,14924.8217487322,14558.2448127429,15260.6205539571,16520.2585085371,17162.9275170326,17373.8970180913,18045.9844632037,18284.8828438085,18783.1615810586,19423.9276939594,19844.6456685975
Micronesia, Fed. Sts.,2604.70544613613,2663.93361369604,2759.38848253502,2753.50496255775,2910.78901436923,3018.00078806756,3069.16928083663,3080.07977967807,3154.79279316807,3265.69282482481,3422.28920957019,3388.22489894385,3276.30042139499,3215.17441769737,3354.50839527417,3380.73734639041,3497.91754135144,3553.06145460345
Middle East & North Africa,11104.6067124734,11277.4387338624,11815.5355025342,12855.5786168799,13607.4762144133,14507.89545942,15346.4509006468,15983.8172101159,15907.7744396444,16559.2813355457,17080.7824165297,17692.4013611962,18111.8658239603,18586.5665293577,18878.0677322656,19757.5181484173,20097.8748231504,20713.4331899478
Middle East & North Africa (excluding high income),7565.06031987671,7802.85078016892,8014.77255809358,8727.46971065495,9243.97323432601,9880.05876868379,10579.3241853045,10985.4817318037,11158.0889148249,11672.2448651184,11640.2496528086,11944.2595557895,12146.898486615,12430.4807015835,12481.1111697851,13346.2979910917,13755.4140731568,NA
Middle East & North Africa (IDA & IBRD),7618.50427119532,7863.32313659617,8074.64795299536,8792.72327708038,9311.83287376106,9957.01843882831,10662.5194918173,11072.1752525143,11244.8315006535,11762.8390542117,11725.4201495406,12030.5604702581,12235.2558759569,12523.1326048058,12573.5958860385,13447.7587013881,13860.3207270211,NA
Middle income,4214.15794618232,4422.68523023657,4719.0126811828,5165.65170038394,5656.45819006402,6293.46868291614,6943.1725458421,7481.03988355406,7709.23332398618,8294.07224317793,8946.55185275304,9488.07913856785,10026.7978912401,10568.3775260524,10982.2189105009,11508.9422331285,12216.3819715405,12983.3305231685
Moldova,2429.72801990723,2666.8458025973,2903.81769418107,3210.59701602611,3567.5702663895,3862.67817481942,4094.91256197381,4508.75403795878,4275.9333789692,4637.51651562497,5012.74200758118,5079.41634733328,5637.50240760125,6035.02264695659,6082.84189438093,6424.37115420312,6858.89195813669,7271.64191879281
Monaco,NA,NA,NA,NA,NA,NA,NA,NA,NA,NA,NA,NA,NA,NA,NA,NA,NA,NA
Mongolia,3861.57288517635,4068.48967785416,4388.53442676075,4930.35864616753,5387.88885874258,5949.51403361094,6644.62851489283,7270.04877820226,7119.2082513187,7530.75353035598,8853.12541902053,9939.57029609572,11068.4565605337,11925.8133992746,12100.1273474548,12140.8470898109,12791.5793387332,13799.9048471337
Montenegro,6773.14422599317,7100.28277416055,7332.72850335386,7835.15929733652,8313.65688001606,10447.9007439756,12447.2825021416,13816.6179615217,13024.7720233698,13634.9969649085,14472.4582555656,13863.8810545568,14870.2269394773,15371.106899645,16337.2537908133,17866.4722534354,19355.0198351076,20689.9867512224
Morocco,3873.40717597449,4009.18555086719,4276.01257338784,4547.82368490831,4787.23394539841,5243.91473896307,5509.92987762503,5879.2609502733,6099.6927655251,6324.15295486598,6703.87683123861,6940.43473725353,7278.36214188997,7507.24083111204,7822.96804832241,7890.99716687807,8261.06085184946,8586.6387002324
Mozambique,561.248694814625,605.086938751562,639.685723116833,688.364727667547,735.376634965741,808.024940760063,869.416204874393,925.18054036149,964.33533356312,1010.75265580009,1078.20860260835,1146.64209806813,1213.9296950286,1291.7468096644,1354.39190614205,1381.31549742321,1418.48539775998,1459.69841306972
Myanmar,1154.62647308925,1300.7957969006,1494.38432501564,1727.8682841318,2007.5140976073,2322.0575792098,2653.11888248209,2963.69778751934,3280.27459442083,3613.01914297704,3864.95976755573,4193.13233878975,4587.08683131574,5005.99965346285,5372.24116093082,5709.87136054433,6172.39264946237,6674.02864731957
Namibia,5293.94738340508,5550.43827611191,5806.6734039024,6594.17366788708,6861.58844253041,7442.55509684176,7911.92926566636,8130.12318615235,8067.70020630658,8500.09714760438,8959.51589253357,9427.08226711924,9955.45310834825,10598.6686708128,11160.3796375995,11200.4278734375,11104.4193800554,11101.8262817533
Nauru,NA,NA,NA,NA,NA,NA,3816.38273034945,5203.83085095736,5670.05753134209,6470.45357125621,7339.30436698258,8056.69642100375,10451.9390087245,13273.4836493531,13104.4803663974,13982.2015696529,15039.3175663456,16504.2579284635
Nepal,1279.53244256833,1281.41128105861,1337.48300622533,1418.660867683,1494.62778848757,1571.99503031143,1649.3063560543,1765.03052785792,1844.10281667789,1946.05872108839,2052.54719698636,2196.11885083539,2333.1454729904,2520.68955258527,2621.76657505155,2641.97112846156,2874.9833308159,3089.55635218567
Netherlands,33194.0460897274,34447.2053180645,34111.8033495886,35777.1532439148,37625.5617084958,40971.2607605818,43896.738702196,46420.2016795592,44566.0618961764,45040.3180778936,46599.02103045,47272.1030187972,49241.5178406305,49233.2153954401,50302.0677470128,51338.5732558743,54503.0819277108,56328.9411363302
New Caledonia,NA,NA,NA,NA,NA,NA,NA,NA,NA,NA,NA,NA,NA,NA,NA,NA,NA,NA
New Zealand,22500.4775864557,23306.2795376277,23967.4207453945,25080.4724623797,25677.4190803252,27758.1657377218,29385.8957234312,29860.527731852,30699.6620210642,31253.0535992516,32734.5366666969,32986.1828887189,36219.4240080477,37260.629400992,37475.1783595906,39122.5421346301,40438.5709468742,41005.4208705895
Nicaragua,2817.61887244765,2842.90082317126,2927.85637747371,3123.42366786583,3313.09332991781,3506.68328681557,3732.01818334251,3881.59241068346,3730.9848252324,3887.78753693027,4163.25633536544,4458.72617847443,4697.73739238679,4950.08124811676,5174.97212280321,5400.24893861086,5687.2315121067,5533.55106372852
Niger,633.973431767058,639.448455387982,661.008421963345,654.742099242404,679.701548803588,713.67386436937,728.035585587223,783.196871260198,754.254073087425,795.682825586081,799.258375990871,876.2759994611,902.662599530563,951.160586652266,964.838078848638,984.683133557325,1012.85919630951,1063.42184074385
Nigeria,2578.21048014485,2945.25178064063,3139.67907082746,3433.44394668581,3672.15388855471,3909.12091604486,4167.55370335818,4417.39506563166,4682.43593481676,4981.35823235291,5213.83719396966,5392.09640255187,5698.16667794227,6009.9894534981,6072.47729487526,5882.98733984966,5887.57307757679,5990.85043229634
North America,36445.0537084108,37319.558301578,38782.7471230826,40935.6056395367,43338.5032391487,45483.5542480719,47137.5638051099,47585.678534368,46281.4953032531,47630.9057386989,49058.9245339295,50666.4322274695,52215.943536552,54092.8764746187,55578.0901462231,56608.4470670573,58594.4723186281,61303.190654507
North Macedonia,6028.86091052814,6305.3721850581,6502.65109877596,7080.11014310026,7759.70156871515,8584.85358590611,9242.97320316075,10418.0551445257,10914.420663767,11273.856996324,11611.2511511122,11839.6168746359,12653.596546255,13368.1467353717,13831.2279870305,14813.357450806,15298.9519318068,16358.6620491976
Northern Mariana Islands,NA,NA,NA,NA,NA,NA,NA,NA,NA,NA,NA,NA,NA,NA,NA,NA,NA,NA
Norway,37780.1005125531,37980.3539761745,38550.9553872116,42511.1764459918,47797.5299472052,54104.2892735293,55876.5039239364,61716.5997128422,55375.5762805934,57915.0193733858,62076.7406576686,65354.7792483883,66961.2530988205,65892.6892787813,60385.1167632081,57744.2745092321,62012.4077632135,65510.5852742471
OECD members,26024.3334586372,26848.6506399995,27622.5571712082,29085.7190097228,30459.0558938699,32469.0315332249,34031.3064525191,34900.6023728431,33982.2871480564,35247.8704585806,36707.4590527382,37698.8917011363,39016.252874006,40169.965195386,41321.4050736976,42379.55739874,44202.2304835615,45623.9030752608
Oman,36916.8726498738,36454.3605512463,35363.2289580766,35891.7817394516,36938.6160677185,39020.8447137339,40649.8205565657,43309.5622415092,44291.0748921099,44408.5874151817,41942.1205555181,43436.8777775838,42862.893653856,41950.7876431858,41911.0864825262,42375.5454268438,41563.6382667191,41859.934476789
Other small states,11307.1739825293,11847.5593391444,12387.4302775705,13720.7323421927,14680.7302011955,16522.0663717097,18275.181530148,19725.5224822741,19917.5420355988,21353.1243334858,23022.8295296207,23819.2788590336,24500.6051450048,25122.6993062587,25555.1411009682,25920.1490088396,26474.9446105386,27070.8633722574
Pacific island small states,3686.15800040565,3790.41832767286,3889.09931090981,4118.59026238143,4277.61981938294,4451.69905005859,4551.33430470921,4653.61648498688,4558.13375020665,4687.49489917369,4906.17130612755,4997.04853936317,5190.1673241678,5441.80274287106,5659.37683521536,5823.10993539554,6100.47861985877,6330.82474012657
Pakistan,2750.39467519308,2815.1161406137,2936.77012552733,3164.24342164371,3433.22361275802,3670.48181817068,3862.10058802804,3914.61195236177,3966.5652190876,3988.65672534931,4094.52711205909,4228.51300070234,4398.38122959749,4593.96424012779,4762.29672085624,4975.65439474309,5241.93874098438,5567.05560794386
Palau,10598.3614090808,10995.7307189725,10787.8029033216,11595.3903452,12495.8878972273,12837.9870102104,13626.2826132555,13433.88251171,12979.8679923734,13411.1007556926,14527.3193922378,15168.3083792519,15245.6114104045,16195.0125242074,17977.5310081878,18256.89902546,17865.7908148372,18510.2156584187
Panama,8522.94183095827,8683.41251972096,9044.71151907315,9802.65875211968,10636.8888761023,11691.2612474495,13202.6561244749,14523.0430190862,14554.8307892259,15311.0291307719,17099.8188262158,18806.5630239098,20111.951216544,21167.1767869762,22237.0930469172,23195.8111317659,24472.0098496584,25553.6967088531
Papua New Guinea,2079.35510756678,2066.01305766077,2106.82375842738,2176.64624889386,2335.16183812792,2477.99325218017,2678.2984446611,2656.86445517886,2791.71461148788,3039.78623637129,3069.75809776519,3206.19624483098,3318.80476871474,3763.07787858426,4081.29824656452,4209.04366236518,4353.2833571561,4336.24465709437
Paraguay,6313.61551470193,6292.12124345964,6565.98367622144,6896.87833838173,7146.77400413457,7600.70403038978,8111.13792859298,8674.89549999466,8601.54016497273,9541.37180413622,10016.7703711715,10015.4860474511,10898.4490164687,11486.9443725394,11807.7725892954,12287.9858793238,12971.6838450291,13599.9265632594
Peru,5193.02465320978,5500.9240898963,5778.61205888157,6171.59813582702,6705.08808025393,7365.73661936763,8140.97968172926,8984.07945739718,9078.55665682842,9869.07041624949,10626.0771337578,11400.335732508,12169.1200775031,12561.2454498288,12944.8223378926,13403.4472653443,13771.4599452962,14418.070667873
Philippines,3459.88594598217,3566.98383996552,3736.35569187211,4013.77434319268,4255.37529776869,4531.98625186449,4877.47273852347,5093.57833423675,5106.39920580137,5468.30550685745,5689.76094098301,6081.93666663976,6514.66717101521,6930.7644631533,7313.40980493888,7784.13669904141,8340.33133069678,8951.08565366152
Poland,11101.9747117124,11781.0563524395,12257.1448668074,13341.0999992516,13895.9235416906,15142.1848735363,16787.9702463152,18310.4432086685,19246.4486754828,21048.3305213108,22850.6388460286,23833.2097049187,24719.2475053521,25612.2578311438,26856.0352192633,27735.3508495019,29922.204979344,31336.6034966686
Portugal,19533.0660986307,20356.647299736,20827.984236148,21458.2767372595,22725.2774946084,24657.104822569,25708.2461922016,26665.8372952939,26464.3108053655,27259.7660986177,26769.5118850004,26438.0163019973,27936.0396644563,28742.4403783509,29668.8592004843,31043.5638622436,32777.4019740351,33415.4379006894
Post-demographic dividend,27762.278415429,28727.5038193743,29642.9247092597,31242.7147312779,32767.7336040381,34872.5350751227,36581.4134905035,37491.8743719315,36485.5881206516,37773.2125624015,39204.5358152129,40244.6890636513,41669.577591096,42846.0824139921,43943.799597339,45125.4712413115,47055.581168931,48705.2074502772
Pre-demographic dividend,2002.09512607238,2078.5181544154,2027.34861503242,2299.99606481974,2455.77232900829,2637.46667220712,2799.27784704717,2962.2157482097,3048.89599342037,3187.98852168029,3310.32686968261,3471.68775377115,3638.13380898177,3767.70245236029,3819.81221523046,3894.83007375772,3919.52369311149,3985.9449195017
Puerto Rico,26748.0132877745,27384.7836191697,27890.7834130047,31141.0560482121,31518.4846969139,32150.4883295069,32821.8996094963,33036.5258110344,32816.9461057465,33229.9230344335,34195.6510701376,35286.0592127766,36207.6795431203,37053.7532001479,37715.3618555166,38383.0357564852,39006.3905969463,39540.5869304602
Qatar,88138.4224405969,92091.2766004768,91451.6085394703,101329.478703446,97768.5711459424,107541.455807931,109362.507611634,111255.994390366,108953.677101317,117518.700907555,124024.568164572,122674.723653785,122495.788004363,123308.202338396,123822.083277865,123573.630778298,124609.30413965,126898.425931605
Romania,6521.41537870868,7162.33565416138,7551.60477850967,8982.10133718686,9602.12619877652,11544.6827257528,13686.8309720262,16782.232098128,16635.2297984454,16966.460609266,17907.6746269812,18931.5324968882,19797.3788746757,20623.3243694339,21631.7701541759,23868.0691960307,26631.8794803569,28206.3570497561
Russian Federation,7361.38379952194,8037.49948207895,9254.56029742868,10226.7847523037,11822.3709000989,14912.2452959989,16648.2446710673,20163.6116757271,19389.9421268072,20490.1294447295,24310.043965548,25784.5671588395,26240.2745047903,25751.5141372688,24061.0993654187,24072.2779258979,25766.9288144165,27147.3335822451
Rwanda,681.739755781647,765.65849627538,784.935104973678,853.791940556365,945.554167283162,1054.46581651805,1136.48695893806,1253.99663318617,1307.06832472763,1383.01338742011,1486.65547363982,1606.10266445143,1669.97186598053,1762.10558498279,1890.2036749325,1973.1469663417,2078.05275533216,2251.55638843363
Samoa,3790.58668750348,3994.69483441833,4226.80406993911,4513.22698252976,4816.5817539945,5027.89685311499,5454.11560510827,5579.01621688581,5313.75765758887,5360.97049679964,5655.13733388525,5480.60590336392,5505.99349285571,5570.62051892676,5831.5256564888,6336.64550057015,6495.38772713605,6483.53422795339
San Marino,64038.2942033126,64432.4308124462,67251.7903530663,71286.9117913689,74272.131127641,78463.9447662511,85274.4100823676,87290.4201226384,75725.3371644947,72075.2969180558,65725.5675212026,61073.1592449088,59430.9847077947,59290.9167039757,59697.4434166725,61250.8637797257,63037.1257778216,NA
Sao Tome and Principe,1605.1921210626,1638.86159312696,1743.92367847869,1819.32337265423,1961.4207702385,2147.58250926278,2213.77885564004,2372.81542920409,2382.69164923945,2507.20271190204,2612.01014698724,2689.20120438983,2813.15348664943,2997.32245520298,3086.02509795214,3189.25181294736,3312.72796856238,3418.58692982186
Saudi Arabia,33886.430818288,32527.434699249,35787.1820366911,38515.9471351052,40726.05788165,41927.6212548658,42654.2741880519,44945.3211327021,43119.8843939295,44498.6757369481,48473.7092080944,50491.5474014731,51188.9636365965,52550.7924564633,53897.9439752699,54159.7923850344,53693.369701248,55335.6795892271
Senegal,2007.4138956682,2003.10158501921,2123.43373625533,2251.25312176026,2389.98817986151,2458.16903352421,2579.77446720712,2664.22927582072,2667.30742605296,2718.90657154232,2739.33565520458,2854.11926265554,2903.74082588043,3067.03404917962,3205.89449917705,3351.53661692841,3556.13775833392,3782.53861264405
Serbia,6137.79673784259,6800.87721530775,7197.87171569288,8064.49232508357,9181.69258483747,10198.6108053729,11225.3624399956,12632.1426970174,12536.5040525201,12797.3242657416,13746.9266841334,13933.8382111044,14629.0705250972,14659.540584377,14922.1373462995,15615.2321059434,16433.4497517736,17434.916125391
Seychelles,14652.4907641862,14611.1607976573,14165.7361774497,14184.8837048625,15870.2845545442,17520.1631432747,19764.5447253056,19280.3926958689,19137.3887012295,19948.4157237089,22556.5825709346,23051.7917148989,24412.8862041874,25594.1039635612,26546.4058521934,27672.5188188043,29062.2628538532,30557.0757169393
Sierra Leone,667.39716272326,820.514336552308,872.254675384406,913.910003730017,947.915152942916,985.790854042086,1064.55035522181,1116.99388611877,1135.63112096043,1183.33009361687,1255.45303814858,1440.99744916777,1730.99631660717,1803.86302296385,1416.36613657679,1486.04485149665,1544.42928960246,1601.97402885788
Singapore,41000.4184287728,42886.1810521027,46342.2964961141,51612.824214013,55809.7003194936,60745.4558738742,65230.1084404423,64230.6359583062,62873.4947498107,71565.9997287192,76034.3340635206,78978.8228536234,82881.4069989837,86611.5135863887,89007.4608024746,91452.0427299716,96552.6026072062,101531.630228067
Sint Maarten (Dutch part),NA,NA,NA,NA,NA,NA,NA,NA,31831.6767264526,33410.6788274205,36340.2446386765,36245.9097445894,35356.2695383849,35547.7021221255,35050.4228208258,34568.3846265629,31776.4060396618,NA
Slovak Republic,12391.153175621,13312.203306834,14165.4041018456,15212.4596274716,16639.3941239799,18894.4043480887,21201.8585290778,23725.8577558996,23085.3328910618,25152.76419964,26049.7923842016,26933.4222167626,27967.1723033741,28991.5658308395,29924.1215483702,30824.5961949827,32243.8495132531,33736.400937172
Slovenia,18956.1207530528,20241.5254208308,21088.9923628481,22740.2206124653,23852.6432841831,25693.7309535734,27543.4916968252,29604.2912348481,27543.3911849112,27824.6480738151,28931.3837141518,29042.8202729641,29973.6991074851,30870.0236667425,31636.750034272,33191.6738744733,36142.7909392651,38048.7846591976
Small states,10401.0678414403,10900.3211762591,11470.1743414037,12599.504407375,13465.0161481428,15075.6124210384,16528.1607178343,17700.557628883,17758.132624668,18903.7355019618,20247.8229245183,20939.9219821029,21547.9897135155,22099.9971480341,22509.4019533622,22769.4747787243,23258.5122612859,23837.3124187977
Solomon Islands,1323.15218829282,1271.97902520385,1344.05535169591,1411.46842574298,1497.18303399026,1611.37405833227,1735.89456963802,1853.137465374,1737.97250891582,1832.83157308627,2064.59580340548,2142.50704790643,2185.86878330004,2216.26505321992,2235.8269641723,2271.61391481807,2337.64267206152,2422.81953266746
Somalia,NA,NA,NA,NA,NA,NA,NA,NA,NA,NA,NA,NA,NA,NA,NA,NA,NA,NA
South Africa,7994.26242516468,8315.44273647829,8613.58744164627,9136.41431397049,9796.15454925227,10524.3460615467,11240.2603673405,11667.8498259962,11416.0016881954,11728.1604904117,12179.1741881803,12488.2155717958,12815.7270740548,13090.4768283107,13185.2532832682,13188.0296171609,13438.2828870412,13686.8823613158
South Asia,2232.85420793926,2310.12478735205,2478.76421495853,2691.48351774831,2940.53679642988,3210.37456419935,3481.18131841574,3606.82314894982,3833.50252653544,4112.38712371928,4351.07833510671,4614.49816684274,4915.60543956826,5288.98090592497,5671.53563310384,6097.68261496975,6562.59700323125,7084.64353512718
South Asia (IDA & IBRD),2232.85420793926,2310.12478735205,2478.76421495853,2691.48351774831,2940.53679642988,3210.37456419935,3481.18131841574,3606.82314894982,3833.50252653544,4112.38712371928,4351.07833510671,4614.49816684274,4915.60543956826,5288.98090592497,5671.53563310384,6097.68261496975,6562.59700323125,7084.64353512718
South Sudan,NA,NA,NA,NA,NA,NA,NA,3166.7427440792,3203.15796110015,3286.87203398263,3094.90684056547,1653.13066635622,1858.64100614304,1920.62762594982,NA,NA,NA,NA
Spain,22958.7615758989,24371.5988492666,25018.3661157286,26119.7937425206,27606.9340516269,30688.3662172506,32438.1733867257,33263.2723985249,32098.9750530883,31680.1853932351,31867.9732396862,31720.1199986535,32434.0032017704,33525.7406299089,34912.4761266679,36554.9345486964,38888.7354742421,39715.4390594866
Sri Lanka,4406.60000182586,4616.96935236123,4940.19626438869,5304.42742378006,5764.1324586027,6344.93922756809,6906.99654760132,7407.32479247975,7674.35094190846,8328.90662006486,9155.65879207134,10171.4244731234,10618.202082801,11250.3092438959,11830.695749286,12359.3458644956,12878.5886711718,13473.6630942698
St. Kitts and Nevis,18898.4278927712,19424.9533197676,18861.590231331,19903.8892248074,22257.6282131827,23359.9582556402,23754.9084061971,25570.3124825801,24685.2582149067,24033.3203844975,24766.1960531915,24461.132483834,25999.0328016508,27910.1501604086,28261.4120646373,29137.8218520776,28869.6891919088,30207.7902129967
St. Lucia,8300.63141605943,8402.60691327445,8860.38463554213,9682.61400265061,9845.84188218068,10644.3046253462,11005.9896505643,11614.1666218039,11384.5559564734,11428.5117084714,12049.2093550579,12168.5783830481,12078.3636233333,12416.8734477927,12520.7632228418,12990.8077463866,13505.4547723963,13881.3721333448
St. Martin (French part),NA,NA,NA,NA,NA,NA,NA,NA,NA,NA,NA,NA,NA,NA,NA,NA,NA,NA
St. Vincent and the Grenadines,6248.68394862447,6736.24239409436,7373.34342447742,7873.03874310641,8312.44894124814,9223.36604804067,9795.37615733604,10155.8313680162,10028.2589339462,9807.79258625294,9965.06450657828,10285.2807009371,10639.2469047555,10948.0492493923,11182.8355878213,11486.9006550909,11782.7219972992,12287.9755049588
Sub-Saharan Africa,2065.07006407062,2174.26690113225,2252.84613583814,2403.47527670043,2564.05012963497,2731.30696249334,2912.38108089691,3049.39668950571,3095.15775540437,3225.32304725158,3352.70318642079,3463.61889626936,3611.01481518106,3757.66164609789,3814.06282477835,3813.19365269073,3891.44106099314,3987.50399002908
Sub-Saharan Africa (excluding high income),2063.56916339855,2172.77823789434,2251.47457046878,2402.16084934931,2562.59732690043,2729.70131564403,2910.59023004402,3047.68187982893,3093.5020253116,3223.5958977208,3350.82316772408,3461.73465237273,3609.03118006453,3755.60332303923,3811.92967913523,3810.98402837524,3889.143026978,3985.11873171327
Sub-Saharan Africa (IDA & IBRD),2065.07006407062,2174.26690113225,2252.84613583814,2403.47527670043,2564.05012963498,2731.30696249334,2912.38108089691,3049.39668950571,3095.15775540437,3225.32304725158,3352.70318642079,3463.61889626936,3611.01481518106,3757.66164609788,3814.06282477835,3813.19365269072,3891.44106099314,3987.50399002908
Sudan,1953.48384028999,2053.79812407236,2191.6220015108,2273.59749500857,2450.73849999782,2702.90100884051,3011.09645487644,3220.3296561385,3262.02033780071,3327.14229487283,3643.09216091874,4152.15610132041,4306.14933797338,4397.80934324047,4551.99691788528,4703.85680799966,4880.26151674132,4759.28188235824
Suriname,8207.12120717983,8469.85324903697,9063.3960661377,9981.17696521187,10630.6572258134,11453.1822259189,12219.6584678411,12824.4334310975,13159.2596855456,13841.4149229009,14788.0679987466,15303.7015920688,15851.9966168861,16018.0868803893,15472.977896642,14622.0505350045,15002.4198616203,15510.4646355856
Sweden,29770.0448376312,30751.206648203,31583.0480704402,33608.7332699707,34029.190292314,37435.3757337054,40592.8001968122,41971.6120485994,40156.4103088914,42179.3371249669,44503.6732364594,45304.4157121075,46138.4545736846,47045.6463479824,48975.0045123538,49423.216467024,51878.694399681,53208.8843603785
Switzerland,36778.0106438729,37718.2848266456,37713.3374965856,39170.0322492223,40572.2644828349,45106.416682867,49746.3893908108,52584.7268100102,51769.0302897989,53067.7246365619,56183.8216241817,57849.572038326,60108.520020158,61902.1295360364,63938.9893868853,64323.9252421086,66395.856341546,68060.9410452501
Syrian Arab Republic,NA,NA,NA,NA,NA,NA,NA,NA,NA,NA,NA,NA,NA,NA,NA,NA,NA,NA
Tajikistan,1039.08811978546,1150.19626328596,1276.80701235092,1420.90735175708,1533.30527828829,1658.49692921103,1798.80719927571,1938.4424928425,1986.59624689804,2094.53895925719,2245.78533483222,2404.80518123022,2567.78570069,2726.50719409668,2851.70948576203,3006.51114102052,3216.58070234394,3449.77931578962
Tanzania,1314.90984712352,1392.13144490468,1470.92968418787,1578.69347275327,1700.9500774416,1815.14439072143,1934.75274312778,2026.25285564394,2088.51994649928,2182.37474742621,2329.33043657044,2408.24979235177,2539.66239925597,2680.38559388121,2791.02342444777,2926.32804308874,3090.49437114677,3227.0342112812
Thailand,7659.24325217039,8190.49602625344,8875.77403105997,9621.58554154962,10270.2725362082,11039.8420894486,11885.8093672687,12261.4598991903,12207.968445819,13213.3147370853,13537.488341522,14727.1430470789,15318.6367433494,15694.3366821335,16293.6097993687,16961.2655705274,17917.2068895324,19051.3333817112
Timor-Leste,2844.8608991454,2628.76581812365,2577.72035806551,4232.66049175124,5791.9840389826,8277.11478139249,8774.68110464443,9655.64909763492,8981.08492515196,8821.21179298534,9860.33154568853,10369.3891633126,9216.47485691443,6833.30050182503,8177.85018589898,8168.74699124592,7416.22334375052,7658.43499648981
Togo,961.366377382688,942.533339121399,982.346457079968,1004.33448681435,1020.97831665452,1065.77762896605,1089.69675076733,1125.03390819885,1164.34627800053,1216.50896726673,1286.47049660966,1360.25754497062,1430.52533323874,1504.24616602004,1566.99421823724,1630.6005057095,1691.53440763388,1773.89663170619
Tonga,3860.98950208077,4034.23690304272,4171.91306830003,4242.37948399723,4413.48485844246,4474.59378993771,4365.82485944571,4553.27672451146,4669.99798764527,4889.29852795444,5151.45482498474,5339.53213636719,5313.80567144102,5567.03541123729,5849.71733504899,6092.25836593712,6321.60693304717,6419.56177829792
Trinidad and Tobago,15477.7271403048,16896.2460394518,19597.9484113678,21615.022486474,23555.7148004036,27346.1663784955,29283.3636084957,30724.7946553728,29454.0279198064,30620.1748026563,30980.4544926655,31770.1903963188,32831.4760572591,32937.0720059885,33698.6665543298,31754.4696664332,31461.2640649293,32014.7831311708
Tunisia,6331.13634972873,6465.27773021643,6843.69221140729,7408.82485472869,7839.8681163893,8421.99883300061,9135.79988108653,9605.9213770603,9868.30563941262,10227.3259551238,10139.1314565661,10642.5378970617,11032.939570612,11460.3482642504,11598.860383288,11743.4899040267,12047.0511356555,12502.8201886876
Turkey,9215.13198876531,9329.81317589044,9603.8804373834,10860.0587384025,11887.8639520719,13621.4654763859,14849.3252872567,16053.8037949306,15489.8719235994,17425.8613617493,19651.6784765047,20616.8698748977,22269.0376631374,23967.1180282777,25625.5746338527,26150.3997990425,27915.5236456729,28068.8594133348
Turkmenistan,4477.72836316851,4514.82698000876,4702.3402059296,5019.02699636669,5786.87611151517,6539.93887720231,7366.38508269905,8499.06621072685,8955.28070575124,9738.98310680496,11212.4865037223,12469.8801136552,13726.3723799616,15144.5454464609,16011.5512129094,16895.4761349722,18032.2219588344,19304.1013058699
Turks and Caicos Islands,NA,NA,NA,NA,NA,NA,NA,NA,NA,NA,19845.6309917751,19315.7814901111,19541.6367568508,20862.8906729707,21958.8023195365,22809.2061371704,23873.4206132948,25370.7335360339
Tuvalu,2498.37945683152,2706.08382564849,2628.84110275552,2624.52340066102,2569.87365947708,2672.20825389621,2889.41313361248,3152.0916277466,3003.29832420928,2925.61609702392,3180.10418409449,3086.00924735168,3248.19485138181,3319.10485988151,3619.4103380625,3727.71133852817,3903.65500465083,4049.56437964299
Uganda,885.060561616852,947.341123812094,995.235211349372,1057.38344515493,1123.213095299,1242.21044244232,1339.9804946919,1438.87673137062,1500.17850168383,1552.93584033481,1679.93785536683,1722.18462057705,1757.49001172441,1820.1296663218,1868.54715340203,1908.30026780099,1945.3586041893,2038.07389195994
Ukraine,4303.35666986152,4646.84074384235,5225.77242800804,6062.08765571846,6485.63306097342,7227.72983456283,8033.26567941268,8423.7001457796,7267.41587084048,7664.39658209131,8281.86712612352,8481.77974726072,8647.99038146541,8710.74938267596,7972.43561151467,8289.70728764745,8693.69364884734,9233.15046924005
United Arab Emirates,80843.6053740994,79863.4897327415,82946.3352073397,85147.2190940121,81635.4679744734,79970.7362497655,72802.1616020533,66641.4842821642,56975.5293797207,54230.1736731261,56574.2881750551,58961.2020108164,62641.8369859443,66443.9975780681,70212.0930136688,72386.0904686661,73137.870185481,75075.2574109804
United Kingdom,27756.812632113,29068.5938574601,30261.5776899297,31964.5959660616,32668.2263161355,34767.0011352627,35600.0077931191,36660.1925635403,35003.497418398,36340.7338744538,37161.4906866096,38311.8460772243,39971.0253628526,41259.0009441734,42509.8881664337,43543.5878330358,45378.9977418279,45973.5735044198
United States,37133.2428088526,38023.1611144021,39496.4858751381,41712.8010675545,44114.7477776705,46298.7314440927,47975.9676758856,48382.5584490552,47099.9804711343,48466.8233750801,49883.1139837344,51603.4972614412,53106.9097703155,55032.9579979166,56803.4724334919,57904.2019610641,59927.9298339535,62794.5856522398
Upper middle income,5685.94514774088,5999.11308853342,6426.21786681882,7093.95764284707,7829.77301606017,8834.50057146032,9858.61810016533,10778.0595157809,11076.7183167062,12005.3322882463,13106.1799281004,13961.7892074771,14775.6040142909,15558.4183842268,16098.9846760821,16850.0306723686,17910.4239221253,19028.8627594901
Uruguay,10054.5270875116,9422.24571502487,9681.41510577932,10446.4655026137,11574.3228855383,12399.8930430653,13540.0713687179,14756.475782747,15456.1846631497,16808.2848755616,17993.4475354769,18930.9672996469,20094.2937795174,21069.2343761208,21300.9760705391,21820.2590105085,22728.1347518407,23572.1774626679
Uzbekistan,2627.20748940658,2741.05469169456,2876.46368454072,3137.53102547419,3420.09433050758,3740.2325604019,4145.10933739515,4533.91427156584,4853.69056597247,5136.23406807514,5502.04902195617,5933.17607030264,6394.54143506262,6866.48177402065,7327.83206862943,7723.93750555068,8084.65137231802,8556.05151229768
Vanuatu,2166.86108438201,2037.99833960556,2110.13908227644,2196.24810191769,2326.01072731497,2537.56715472155,2676.83269845949,2837.23736849472,2882.47122416849,2888.73833565156,2905.90472228551,2930.91461794882,2956.51626339048,2997.94308877206,2954.96682929557,3011.85358892351,3123.56500362648,3221.1498234158
Venezuela, RB,12040.8255714179,10946.5119673174,10103.4742325124,12062.737498866,13495.6125786569,15038.9621127922,16549.8039042097,17512.6649335908,16840.2822210779,16541.5586783344,17319.2896120743,18343.4798855601,18648.6240541624,18102.468292325,NA,NA,NA,NA
Vietnam,2200.02023964248,2353.00046814017,2538.16320441873,2777.24687394929,3051.60849748436,3332.1432530225,3631.18256160815,3874.03923417853,4074.18424000361,4342.75191695564,4662.22305207602,4949.1313630602,5253.39751852502,5613.62730361601,5989.7576902496,6365.28948546546,6857.98404384776,7447.81433404948
Virgin Islands (U.S.),NA,NA,NA,NA,NA,NA,NA,NA,NA,NA,NA,NA,NA,NA,NA,NA,NA,NA
West Bank and Gaza,2651.48522966989,2297.57233489519,2600.9288327954,2872.85441686561,3199.43113353824,3087.76191132735,3294.41102740242,3465.9787275838,3695.02388645409,3937.2399134282,4405.77857347918,4656.12617624476,4728.00920565749,4697.2867969813,4799.10538707573,4967.18788156218,5117.75456251396,5157.56857825854
Mundo,8260.91753856147,8552.20421837873,8917.20044788939,9519.46272928327,10132.5723014402,10959.0818959297,11721.8458042076,12260.6709461874,12232.999690535,12876.5382058355,13592.2399913707,14152.439191408,14763.9967930027,15342.8480942565,15814.9202158467,16358.3753101167,17151.488953813,17948.3038129148
Yemen, Rep.,3278.90353061451,3363.24037826828,3452.73816485899,3581.82468745034,3789.88938162049,3915.38456904528,4038.65559692254,4148.55684892272,4221.41377610292,4472.72644788704,3876.30261880773,3935.16710479848,4084.88296688546,4045.50003143459,3320.11015558683,2827.69102251482,2645.30838301684,2575.12638534566
Zambia,1773.963692725,1835.24775734375,1948.53163863271,2087.21334306829,2248.46593882693,2434.45419483131,2637.27787673597,2819.65059318595,3017.02457069821,3269.79432870385,3419.01045990353,3634.78035307304,3765.58416202758,3893.54947812123,3927.76181557151,3998.00443485894,4090.12004041293,4223.90693570847
Zimbabwe,2421.53075204596,2235.36089549786,1885.51135447929,1818.10497711966,1759.3581185121,1738.51425000636,1705.90134576854,1417.50709785521,1581.16155844328,1888.56673880296,2168.11029336035,2534.54191859313,2583.98563761806,2648.56896744481,2679.58031715291,2687.38542889585,2825.72512227762,3029.79300547992
