Country Name,2002,2003,2004,2005,2006,2007,2008,2009,2010,2011,2012,2013,2014,2015,2016,2017
Afghanistan,-1.567973,-1.082488,-0.8940507,-1.210829,-1.430343,-1.403352,-1.496089,-1.483899,-1.454683,-1.448488,-1.36014,-1.38493,-1.331396,-1.322989,-1.218619,-1.325623
Albania,-0.5333483,-0.5382094,-0.4158677,-0.6594524,-0.5236022,-0.4066241,-0.3567637,-0.2578982,-0.2827555,-0.208207,-0.2677997,-0.3169199,-0.0855579,0.0104045,0.0053211,0.0753428
Algeria,-0.5975198,-0.6123729,-0.5726308,-0.4675675,-0.4726413,-0.5657254,-0.6265267,-0.5829369,-0.4795416,-0.5646155,-0.5323191,-0.5341949,-0.4775529,-0.5003234,-0.5364503,-0.5964616
Andorra,1.423874,1.410648,1.524566,1.292862,1.543035,1.508254,1.537209,1.540096,1.518033,1.504689,1.531356,1.539397,1.718336,1.787497,1.860924,1.937318
Angola,-1.238857,-1.156531,-1.314578,-1.137153,-1.369493,-1.206412,-1.062213,-0.9603533,-1.117896,-1.153556,-0.9896317,-1.223171,-1.123669,-1.000092,-1.039364,-1.028804
Antigua and Barbuda,0.6143455,0.6333275,0.5590521,0.453247,0.416459,0.4052124,0.5056782,0.5023152,0.4928478,0.4868821,0.4859672,0.4905606,-0.0692469,0.2275942,0.2657967,0.0102434
Arab Mundo,NA,NA,NA,NA,NA,NA,NA,NA,NA,NA,NA,NA,NA,NA,NA,NA
Argentina,-0.2803573,-0.0474383,-0.0575691,-0.1242145,-0.0455042,-0.0159589,-0.1468119,-0.3182648,-0.16279,-0.1200561,-0.2385752,-0.2775489,-0.1591353,-0.0749032,0.1726752,0.1601257
Armenia,-0.0914017,-0.1563007,-0.0922412,-0.139913,-0.2545792,-0.3758438,-0.1726939,-0.0297348,-0.1838435,-0.1289589,-0.0422713,0.0690115,-0.1980509,-0.1607126,-0.1503197,-0.0966434
Australia,1.718943,1.837643,2.006778,1.751213,1.711956,1.825559,1.79397,1.705787,1.768756,1.69595,1.62144,1.639869,1.607115,1.564803,1.568841,1.535622
Austria,1.942698,1.995846,1.865303,1.684595,1.831036,1.870187,1.78084,1.66658,1.841763,1.617761,1.575873,1.588477,1.572586,1.479388,1.512235,1.461382
Azerbaijan,-0.9290094,-0.7668569,-0.7424284,-0.7294372,-0.6535253,-0.7891765,-0.7735335,-0.6581194,-0.8069344,-0.7651483,-0.7826402,-0.4750386,-0.3638154,-0.257282,-0.1590945,-0.1615375
Bahamas, The,1.309838,1.282935,1.221895,1.210941,1.169823,1.108991,1.149585,1.008501,1.075746,0.9800856,0.9895768,0.872555,0.7289602,0.71293,0.7198482,0.5773413
Bahrain,0.5528279,0.4817965,0.546102,0.3969875,0.3956852,0.4089861,0.3868127,0.4806274,0.456938,0.5206671,0.5497593,0.588787,0.5650396,0.5599696,0.3202427,0.1859811
Bangladesh,-0.6887409,-0.7254452,-0.8191851,-0.9113003,-0.8245271,-0.7045036,-0.7324244,-0.7912479,-0.7356325,-0.755215,-0.8041654,-0.7938247,-0.7657504,-0.7235792,-0.683597,-0.7379191
Barbados,1.423874,1.410648,1.205475,1.29583,1.449119,1.327273,1.572235,1.484389,1.411678,1.470894,1.462176,1.357322,1.204714,1.025392,1.082494,0.8426257
Belarus,-0.9226209,-0.9246382,-1.069121,-1.08396,-1.117119,-1.112913,-1.114199,-1.129521,-1.114167,-1.077807,-0.9016269,-0.8968143,-0.4861701,-0.4587722,-0.4854405,-0.3463647
Belgium,1.97801,1.933774,1.875864,1.711561,1.747101,1.60886,1.389756,1.571342,1.575026,1.656356,1.602476,1.607339,1.381594,1.438698,1.32654,1.181864
Belize,0.0582947,-0.0569368,-0.2571345,-0.0891359,-0.33318,-0.4533815,-0.5131488,-0.4490965,-0.4300884,-0.3809695,-0.32469,-0.329107,-0.6573147,-0.6841542,-0.6756301,-0.6360012
Benin,-0.3677277,-0.2826665,-0.3562629,-0.6576268,-0.6065888,-0.5326906,-0.4623681,-0.5754821,-0.5946886,-0.5458966,-0.5152873,-0.4894403,-0.4568181,-0.6212042,-0.5599391,-0.6434544
Bhutan,0.7845386,0.4894388,0.0205903,0.3245951,0.2366175,0.2958726,0.2825854,0.4948203,0.5846536,0.6326249,0.5126127,0.4004478,0.2561472,0.4064913,0.489107,0.5575445
Bolivia,-0.301505,-0.3208049,-0.5872478,-0.6887374,-0.7167103,-0.5706812,-0.6245782,-0.6045188,-0.5023107,-0.472497,-0.3686716,-0.3865935,-0.5877074,-0.6519443,-0.5727847,-0.3905794
Bosnia and Herzegovina,-0.9600754,-0.7451925,-0.6297022,-0.7555057,-0.6169132,-0.8443848,-0.597142,-0.7154362,-0.7410704,-0.7432485,-0.4572612,-0.4347017,-0.4511423,-0.5452092,-0.394369,-0.4821007
Botswana,0.6065881,0.7258958,0.6100825,0.6495795,0.5078346,0.6010549,0.5673319,0.4725233,0.4473519,0.4605835,0.4822128,0.4141677,0.3524033,0.4974239,0.5163522,0.4251795
Brasil,0.0559796,0.1975102,0.0195322,-0.0963305,-0.3203326,-0.2142833,-0.0895778,-0.0947754,-0.0353412,-0.1165466,-0.1281734,-0.0928867,-0.1393555,-0.1839961,-0.1714782,-0.287862
Brunei Darussalam,0.8949295,0.7458653,0.2431719,0.600312,0.8732989,0.9243966,0.8885025,0.9180717,0.9018937,0.8970225,0.8435253,0.8697733,1.086335,1.060171,1.084499,1.144513
Bulgaria,0.2487509,0.114253,0.1505233,0.1818574,-0.0573758,-0.0075428,-0.0473091,0.1661583,0.1148352,0.1100856,0.1418881,0.1573445,0.0787379,0.2088165,0.296719,0.2611969
Burkina Faso,-0.6777477,-0.5573869,-0.5146186,-0.5787717,-0.762337,-0.7534196,-0.4897978,-0.5855719,-0.5688464,-0.559046,-0.623989,-0.6608419,-0.5788296,-0.5866176,-0.546162,-0.5888137
Burundi,-1.401429,-1.394841,-1.307576,-1.249581,-1.103347,-1.26863,-1.127049,-1.04617,-1.100945,-1.063229,-1.320103,-1.064957,-1.129147,-1.159005,-1.416543,-1.339432
Cabo Verde,-0.0754885,-0.0228101,-0.0322119,-0.2121785,0.1572554,0.3535233,0.065787,0.0531146,-0.0159267,0.1546475,0.1205737,0.0969095,0.069981,0.1478358,0.109663,0.1563388
Cambodia,-0.8083998,-0.85185,-0.8856814,-0.9993225,-0.966638,-0.9037987,-0.9887551,-0.9450983,-0.9429888,-0.862749,-0.815832,-0.9061814,-0.6889596,-0.6994131,-0.6914503,-0.6553081
Cameroon,-0.8495601,-0.7047145,-0.6965621,-0.9095589,-0.9493961,-0.841257,-0.8058205,-0.8375226,-0.8900719,-0.8900592,-0.8980061,-0.918752,-0.7910342,-0.7733105,-0.7596443,-0.8197913
Canada,1.923086,1.990027,1.922352,1.887422,1.895545,1.761394,1.791681,1.74589,1.783194,1.778378,1.765713,1.788732,1.760523,1.762371,1.781797,1.854211
Caribbean small states,NA,NA,NA,NA,NA,NA,NA,NA,NA,NA,NA,NA,NA,NA,NA,NA
Central African Republic,-1.538998,-1.460073,-1.531203,-1.564509,-1.504425,-1.537028,-1.374411,-1.41218,-1.387743,-1.282366,-1.448529,-1.609883,-1.848333,-1.784717,-1.776694,-1.770058
Central Europe and the Baltics,NA,NA,NA,NA,NA,NA,NA,NA,NA,NA,NA,NA,NA,NA,NA,NA
Chad,-0.8493667,-1.050446,-1.168478,-1.383892,-1.484556,-1.626121,-1.576653,-1.445783,-1.466302,-1.370537,-1.488766,-1.388831,-1.495927,-1.461071,-1.503716,-1.461042
Chile,1.147711,1.224551,1.190407,1.23629,1.034509,1.275488,1.168234,1.247791,1.27253,1.247598,1.264068,1.264524,1.161332,1.086324,1.016991,0.8513755
China,-0.0602706,-0.0820877,-0.0552381,-0.1199866,0.0704749,0.1827777,0.150768,0.0938044,0.0886487,0.0882015,0.0234259,0.0036481,0.3228883,0.4080173,0.356523,0.4219082
Colombia,-0.41275,-0.1526648,-0.1821401,-0.1780718,-0.1666891,-0.0468053,-0.0287408,-0.2459242,-0.0592384,0.0388793,0.022952,0.0713581,-0.1005563,-0.0360178,0.0216536,-0.0672727
Comoros,-0.8046831,-1.278985,-1.542946,-1.601033,-1.677348,-1.757584,-1.775537,-1.769843,-1.743063,-1.760505,-1.550861,-1.589367,-1.67404,-1.522047,-1.552504,-1.566081
Congo, Dem. Rep.,-1.692212,-1.528456,-1.448674,-1.5719,-1.619065,-1.745683,-1.665454,-1.693531,-1.735644,-1.679297,-1.654935,-1.47771,-1.56138,-1.629252,-1.510751,-1.634156
Congo, Rep.,-1.254409,-1.23332,-1.086062,-1.270692,-1.256063,-1.322266,-1.220554,-1.226726,-1.227733,-1.195285,-1.173946,-1.155924,-1.11031,-1.022181,-1.093558,-1.194322
Costa Rica,0.3515086,0.2521123,0.2117213,0.1561034,0.0490957,0.2012671,0.2776813,0.3313352,0.3081369,0.338154,0.5001248,0.4823061,0.3965975,0.3757628,0.3540183,0.2473534
Cote d'Ivoire,-0.8806713,-0.9832975,-1.255008,-1.323396,-1.163073,-1.209597,-1.243004,-1.108912,-1.285643,-1.155031,-1.098414,-0.9257876,-0.833844,-0.6817607,-0.6584747,-0.7414735
Croatia,0.3530358,0.3699,0.4415614,0.4607839,0.5713952,0.4742114,0.5699982,0.5968499,0.6223207,0.5612522,0.7066917,0.7011864,0.6929633,0.5140134,0.5000231,0.5767437
Cuba,-0.5522521,-0.3144865,-0.4510439,-0.5437028,-0.2430956,-0.2008853,-0.379952,-0.36246,-0.3614289,-0.3753886,-0.4049135,-0.4397751,-0.0467849,0.0218796,-0.1216692,-0.1978239
Cyprus,1.350596,1.183419,1.127475,1.157761,1.267324,1.427616,1.532571,1.418329,1.53183,1.563668,1.391172,1.366624,1.140384,1.048837,0.9612627,0.9201956
Czech Republic,0.968913,0.8982299,0.864375,0.9252368,1.09646,0.8953341,1.013642,0.8832404,0.9052177,0.9309797,0.9289219,0.89182,1.017593,1.046727,1.054277,1.022965
Denmark,2.088286,2.154386,2.309707,2.119752,2.22626,2.353998,2.251272,2.232205,2.09679,2.101079,1.984567,1.992455,1.819007,1.848227,1.876391,1.797004
Djibouti,-0.8046831,-0.6645386,-0.5863041,-0.8036719,-0.8778276,-0.8562298,-0.8666221,-0.8913776,-0.9720984,-0.9478842,-1.063123,-0.9622945,-0.9743846,-0.954309,-0.9736806,-1.030469
Dominica,0.5200747,0.3591074,0.2266096,0.4908443,0.4475069,0.4818252,0.5415921,0.6271887,0.6499092,0.6036413,0.6611227,0.7081782,0.0763086,0.1174361,0.054681,-0.2533445
Dominican Republic,-0.3928855,-0.5437886,-0.680542,-0.5511778,-0.5851245,-0.6747107,-0.6196099,-0.6126065,-0.6435439,-0.5907013,-0.5102426,-0.4675454,-0.4352699,-0.3572358,-0.2473399,-0.353159
Early-demographic dividend,NA,NA,NA,NA,NA,NA,NA,NA,NA,NA,NA,NA,NA,NA,NA,NA
East Asia & Pacific,NA,NA,NA,NA,NA,NA,NA,NA,NA,NA,NA,NA,NA,NA,NA,NA
East Asia & Pacific (excluding high income),NA,NA,NA,NA,NA,NA,NA,NA,NA,NA,NA,NA,NA,NA,NA,NA
East Asia & Pacific (IDA & IBRD),NA,NA,NA,NA,NA,NA,NA,NA,NA,NA,NA,NA,NA,NA,NA,NA
Ecuador,-0.8350485,-0.8575776,-0.9080252,-0.9469087,-0.996869,-0.8693714,-0.8649213,-0.7942843,-0.7165983,-0.5814193,-0.5048822,-0.501632,-0.4729435,-0.4422617,-0.4288923,-0.3206941
Egypt, Arab Rep.,-0.4060136,-0.3366209,-0.2658089,-0.4151942,-0.5064402,-0.3891287,-0.3658952,-0.2795061,-0.3705819,-0.5683784,-0.8084975,-0.8773995,-0.8226774,-0.7522207,-0.6483405,-0.6192533
El Salvador,-0.5032105,-0.3509711,-0.3417682,-0.3816304,-0.1524331,-0.2015099,-0.1620378,-0.0448861,0.007418,-0.1028972,-0.1271779,-0.1152254,-0.0327334,-0.2354988,-0.2859958,-0.3656491
Equatorial Guinea,-1.338886,-1.242262,-1.44303,-1.434867,-1.584831,-1.666088,-1.667329,-1.696883,-1.679618,-1.633306,-1.606107,-1.541717,-1.504543,-1.417881,-1.407719,-1.437544
Eritrea,-0.7406211,-0.8930053,-1.003851,-0.9355375,-1.300268,-1.290115,-1.299435,-1.365197,-1.357186,-1.411577,-1.447658,-1.519718,-1.607063,-1.593308,-1.70198,-1.726647
Estonia,0.7357646,0.9419677,0.924236,0.9649968,1.157151,1.037318,1.161841,1.009114,1.085701,1.076737,0.954538,0.9747753,1.01668,1.068197,1.098246,1.116494
Eswatini,-0.520105,-0.7287802,-1.008033,-1.053804,-0.7878064,-0.8257297,-0.745842,-0.7245805,-0.5382388,-0.6832258,-0.532473,-0.4481933,-0.5629535,-0.5386465,-0.5565437,-0.5772451
Ethiopia,-0.9049703,-0.882255,-0.7859753,-0.9171304,-0.6600141,-0.4384569,-0.3967329,-0.4968872,-0.4322301,-0.4841617,-0.4252695,-0.6069971,-0.4244817,-0.6466611,-0.6400135,-0.6991847
Euro area,NA,NA,NA,NA,NA,NA,NA,NA,NA,NA,NA,NA,NA,NA,NA,NA
Europe & Central Asia,NA,NA,NA,NA,NA,NA,NA,NA,NA,NA,NA,NA,NA,NA,NA,NA
Europe & Central Asia (excluding high income),NA,NA,NA,NA,NA,NA,NA,NA,NA,NA,NA,NA,NA,NA,NA,NA
Europe & Central Asia (IDA & IBRD),NA,NA,NA,NA,NA,NA,NA,NA,NA,NA,NA,NA,NA,NA,NA,NA
European Union,NA,NA,NA,NA,NA,NA,NA,NA,NA,NA,NA,NA,NA,NA,NA,NA
Fiji,0.1415984,-0.1133136,-0.3909178,-0.0797787,-0.0913989,-0.4322089,-0.7335429,-0.9101737,-0.7242388,-0.7062007,-0.8380063,-0.8434518,-0.3677711,-0.2912035,-0.2485172,0.092675
Finland,2.161537,2.261099,2.169805,2.129372,2.170114,1.974782,2.050841,2.229059,2.22934,2.241138,2.220478,2.174288,1.998276,1.813306,1.829244,1.936893
Fragile and conflict affected situations,NA,NA,NA,NA,NA,NA,NA,NA,NA,NA,NA,NA,NA,NA,NA,NA
France,1.602407,1.714666,1.776973,1.671527,1.632802,1.471042,1.582908,1.480974,1.430301,1.359144,1.340279,1.481829,1.40317,1.437053,1.405581,1.35223
Gabon,-0.3423977,-0.4415162,-0.783031,-0.8147785,-0.7829701,-0.7906118,-0.8182434,-0.7436082,-0.7721487,-0.7950383,-0.9048195,-0.8308429,-0.6441652,-0.733564,-0.7917777,-0.9431855
Gambia, The,-0.6341123,-0.4785899,-0.5508382,-0.7155911,-0.6751559,-0.5743247,-0.72435,-0.6718888,-0.6788139,-0.6078252,-0.5124295,-0.7053789,-0.6698945,-0.9034616,-0.8416588,-0.6478594
Georgia,-0.7959847,-0.3994781,-0.5374144,-0.4339972,-0.2444875,0.1105726,0.2967184,0.2873248,0.3092597,0.5536639,0.6058381,0.5852123,0.4891872,0.4046831,0.506961,0.5703294
Germany,1.719772,1.41907,1.487871,1.505681,1.650243,1.637844,1.522836,1.578987,1.571172,1.554961,1.593369,1.54252,1.731392,1.737117,1.734903,1.719366
Ghana,-0.0977649,-0.1973791,-0.2004661,-0.1873818,0.1603275,0.1288427,0.0327254,-0.0453508,-0.0378857,-0.0504538,-0.0485327,-0.0983737,-0.2808576,-0.2512357,-0.1976131,-0.1119579
Greece,0.8249017,0.7612695,0.8052155,0.715305,0.636948,0.5579451,0.5852923,0.6194866,0.5560393,0.5121977,0.3198002,0.4592025,0.3985864,0.2561991,0.2269832,0.3136996
Grenada,0.4349662,0.3027306,0.1869617,0.3275459,0.307549,0.2349972,0.1900765,0.2131738,0.1759729,0.2278576,0.2673911,0.2272472,-0.1086727,-0.1961747,-0.1747189,-0.1750416
Guatemala,-0.4976255,-0.4888726,-0.7010107,-0.7204829,-0.6051489,-0.5503302,-0.5634344,-0.714392,-0.697995,-0.69787,-0.7554433,-0.7031401,-0.7288904,-0.7110018,-0.6060877,-0.6398038
Guinea,-0.9132544,-0.710053,-0.8733571,-1.047564,-1.296292,-1.247959,-1.17083,-1.022252,-1.108981,-1.123202,-1.268741,-1.17368,-1.232363,-1.142424,-1.00531,-1.044228
Guinea-Bissau,-1.089014,-1.224998,-1.455491,-1.360628,-1.102396,-1.081759,-1.041658,-1.029427,-1.029506,-1.028708,-1.230398,-1.43311,-1.583007,-1.61314,-1.642729,-1.766072
Guyana,-0.2531132,-0.1245092,-0.1566955,-0.5074329,-0.2981161,-0.0381355,-0.188868,-0.1795437,-0.1062271,-0.0817649,-0.1147759,-0.1158667,-0.232317,-0.3354063,-0.3012292,-0.2905849
Haiti,-1.545026,-1.521626,-1.65942,-1.334532,-1.278498,-1.304207,-1.293409,-1.490064,-1.629203,-1.673318,-1.645002,-1.576287,-2.041475,-2.016381,-2.062993,-2.055587
Heavily indebted poor countries (HIPC),NA,NA,NA,NA,NA,NA,NA,NA,NA,NA,NA,NA,NA,NA,NA,NA
High income,NA,NA,NA,NA,NA,NA,NA,NA,NA,NA,NA,NA,NA,NA,NA,NA
Honduras,-0.590724,-0.6418155,-0.6241323,-0.67127,-0.6452383,-0.5486689,-0.6170768,-0.6754177,-0.6416873,-0.5353841,-0.69826,-0.7286451,-0.8099896,-0.8215392,-0.7290031,-0.5115252
Hungary,1.050705,0.9579552,0.8630024,0.7717035,0.8729004,0.7084755,0.707319,0.6731957,0.6666696,0.6749275,0.6288418,0.6549682,0.5334437,0.4974144,0.4560131,0.5135697
IBRD only,NA,NA,NA,NA,NA,NA,NA,NA,NA,NA,NA,NA,NA,NA,NA,NA
Iceland,2.020225,2.106059,2.074324,1.973407,1.893597,1.795479,1.83181,1.635219,1.585732,1.58326,1.491028,1.490049,1.4914,1.492342,1.38606,1.450667
IDA & IBRD total,NA,NA,NA,NA,NA,NA,NA,NA,NA,NA,NA,NA,NA,NA,NA,NA
IDA blend,NA,NA,NA,NA,NA,NA,NA,NA,NA,NA,NA,NA,NA,NA,NA,NA
IDA only,NA,NA,NA,NA,NA,NA,NA,NA,NA,NA,NA,NA,NA,NA,NA,NA
IDA total,NA,NA,NA,NA,NA,NA,NA,NA,NA,NA,NA,NA,NA,NA,NA,NA
India,-0.1207639,-0.0884409,-0.1573192,-0.1055001,-0.0983199,0.1219054,-0.0191939,-0.0124214,0.0259907,0.0059622,-0.1709511,-0.1715367,-0.2056473,0.0904638,0.0770048,0.0916715
Indonesia,-0.4142109,-0.4644641,-0.4153518,-0.4831279,-0.3315875,-0.2771957,-0.2372018,-0.2981317,-0.2143052,-0.2594242,-0.2729108,-0.1987486,-0.037205,-0.2405333,0.0075939,0.0407612
Iran, Islamic Rep.,-0.5403184,-0.4676722,-0.4430333,-0.6156749,-0.5267531,-0.6080332,-0.6364359,-0.5548491,-0.478802,-0.4329986,-0.5258462,-0.6768538,-0.4269208,-0.2088245,-0.1850981,-0.1909521
Iraq,-1.94748,-1.701213,-1.592726,-1.629893,-1.718666,-1.568267,-1.235706,-1.182666,-1.19709,-1.130675,-1.108618,-1.096113,-1.111157,-1.246447,-1.269764,-1.265302
Ireland,1.630157,1.559119,1.540083,1.735597,1.536329,1.560755,1.500238,1.33617,1.349588,1.455905,1.547128,1.485336,1.597105,1.533349,1.331948,1.291128
Israel,1.08279,1.20012,1.262236,1.04385,1.253453,1.237051,1.334131,1.275444,1.391521,1.342522,1.277025,1.249336,1.210812,1.388035,1.345815,1.385821
Italy,0.8018304,0.8015524,0.6471076,0.5618377,0.3647408,0.1976259,0.2796266,0.421652,0.4419097,0.3775406,0.4206704,0.4584835,0.374144,0.4481102,0.5350817,0.5024198
Jamaica,0.0198921,0.0507987,0.1687744,-0.1152491,0.2259186,0.2753228,0.2599991,0.2073482,0.2153889,0.2233723,0.0113846,0.042099,0.1374489,0.2487595,0.4165341,0.489569
Japan,1.068673,1.217828,1.36378,1.290751,1.589435,1.447718,1.460432,1.454036,1.527669,1.47267,1.415637,1.618066,1.812485,1.784812,1.822374,1.617229
Jordan,0.1065834,0.2128709,0.0609842,0.0282044,0.2025136,0.2266261,0.2286688,0.2358158,0.1036845,0.0882191,-0.0112745,-0.0489184,0.116841,0.1226117,0.1402628,0.1165232
Kazakhstan,-0.9299887,-0.6258659,-0.6541258,-0.6191217,-0.4263095,-0.5798957,-0.4615707,-0.3915207,-0.4361029,-0.4098386,-0.4402449,-0.5327777,-0.0426869,-0.0732104,-0.0641194,0.0089316
Kenya,-0.6327102,-0.6209576,-0.5918168,-0.7021186,-0.6171426,-0.499506,-0.5901043,-0.6301031,-0.5571087,-0.5665606,-0.5232506,-0.4572672,-0.333344,-0.2941417,-0.3155435,-0.3119952
Kiribati,-0.2195811,-0.7468366,-0.6121379,-0.4735642,-0.4884038,-0.6684599,-0.6963969,-0.7840247,-0.8504627,-0.776412,-0.7958969,-0.769707,-0.5606934,-0.4897618,-0.4335282,-0.2455576
Korea, Dem. People's Rep.,-1.848171,-1.800173,-1.733838,-1.721864,-1.752914,-2.08459,-2.022049,-1.77816,-1.86628,-1.871275,-1.911015,-1.901436,-1.640784,-1.632668,-1.650625,-1.69458
Korea, Rep.,0.906771,0.9240439,0.9010343,0.9906011,1.045397,1.236837,1.05099,1.094725,1.204664,1.252769,1.199333,1.125552,1.164746,1.012608,1.073846,1.082476
Kuwait,0.1073371,0.1247503,0.1039224,0.1745008,0.2872019,0.0996809,-0.0072513,0.2022372,0.1686341,0.0245808,-0.0703019,-0.0706692,-0.148399,-0.0331108,-0.1538433,-0.1665631
Kyrgyz Republic,-0.6167717,-0.5705335,-0.6829314,-0.8784107,-0.8058547,-0.7781291,-0.7883915,-0.9648597,-0.6516975,-0.6379848,-0.6494996,-0.6519046,-0.8654092,-0.9144838,-0.8981646,-0.7144402
Lao PDR,-0.9143893,-1.001565,-0.9999511,-1.208072,-0.9770249,-0.8988742,-0.8755752,-0.9469504,-0.8600214,-0.8338493,-0.8377158,-0.7300481,-0.4153115,-0.5105047,-0.3741815,-0.3587283
Late-demographic dividend,NA,NA,NA,NA,NA,NA,NA,NA,NA,NA,NA,NA,NA,NA,NA,NA
Latin America & Caribbean,NA,NA,NA,NA,NA,NA,NA,NA,NA,NA,NA,NA,NA,NA,NA,NA
Latin America & Caribbean (excluding high income),NA,NA,NA,NA,NA,NA,NA,NA,NA,NA,NA,NA,NA,NA,NA,NA
Latin America & Caribbean (IDA & IBRD),NA,NA,NA,NA,NA,NA,NA,NA,NA,NA,NA,NA,NA,NA,NA,NA
Latvia,0.5530607,0.6452475,0.6106073,0.5684978,0.6851262,0.4800134,0.5584953,0.6238099,0.70881,0.6981383,0.8384485,0.8890268,0.9585503,1.089666,1.005864,0.9047853
Least developed countries: UN classification,NA,NA,NA,NA,NA,NA,NA,NA,NA,NA,NA,NA,NA,NA,NA,NA
Lebanon,-0.285045,-0.2101397,-0.2624758,-0.1877014,-0.256819,-0.3323657,-0.4174395,-0.4687417,-0.2792296,-0.2660723,-0.3467825,-0.3952204,-0.3755141,-0.474227,-0.5405641,-0.5134869
Lesotho,-0.0442861,-0.0888197,-0.3514833,-0.1359913,-0.4562086,-0.4258736,-0.4009566,-0.2942435,-0.3121285,-0.3092911,-0.3754399,-0.4172004,-0.5551813,-0.6843407,-0.8060191,-0.8502712
Liberia,-1.524153,-1.391365,-1.527378,-1.413871,-1.283121,-1.214605,-1.28367,-1.231153,-1.277085,-1.251019,-1.173728,-1.384766,-1.343056,-1.393891,-1.322105,-1.370018
Libya,-1.003491,-0.8828622,-0.8475044,-1.043768,-1.064657,-1.221343,-1.178037,-1.089624,-1.097219,-1.312289,-1.474232,-1.471055,-1.69147,-1.653165,-1.890451,-1.772441
Liechtenstein,1.693717,1.669755,1.722658,1.558452,1.800742,1.763524,1.795092,1.802307,1.783509,1.770325,1.789564,1.754486,1.705179,1.689332,1.706183,1.764954
Lithuania,0.5597879,0.7632465,0.7121693,0.7792079,0.7263384,0.7018702,0.6169906,0.6935584,0.7432536,0.7037992,0.833409,0.8317371,0.9826534,1.185166,1.082445,0.9781554
Low & middle income,NA,NA,NA,NA,NA,NA,NA,NA,NA,NA,NA,NA,NA,NA,NA,NA
Low income,NA,NA,NA,NA,NA,NA,NA,NA,NA,NA,NA,NA,NA,NA,NA,NA
Lower middle income,NA,NA,NA,NA,NA,NA,NA,NA,NA,NA,NA,NA,NA,NA,NA,NA
Luxembourg,2.038897,1.920923,1.898921,1.777105,1.571362,1.592555,1.625627,1.74732,1.721774,1.748484,1.672072,1.629902,1.654433,1.724364,1.69268,1.683228
Madagascar,-0.3908238,-0.4111233,-0.4946465,-0.3535855,-0.5986828,-0.4644684,-0.6498098,-0.8023021,-0.9596365,-1.032421,-1.089096,-1.131114,-1.299322,-1.298169,-1.176938,-1.137712
Malawi,-0.7074963,-0.6868253,-0.7661783,-0.8116758,-0.8596497,-0.5369154,-0.545629,-0.4744326,-0.4106808,-0.4253919,-0.4786059,-0.4799153,-0.6281112,-0.6731606,-0.7322128,-0.6694726
Malaysia,1.021576,1.162356,1.087762,1.092823,1.267115,1.238987,1.108519,0.983706,1.120518,1.021163,0.9198642,0.9998065,1.115127,0.9491639,0.8747621,0.8380826
Maldives,0.4016014,0.106854,-0.0064425,0.2022012,0.1291752,0.0750399,-0.2293086,-0.4402517,-0.207131,-0.3059179,-0.2151606,-0.3222612,-0.3616644,-0.3757927,-0.3211116,-0.4511285
Mali,-0.5568049,-0.5700181,-0.6571354,-0.7059101,-0.7386594,-0.7510856,-0.7737022,-0.8013337,-0.8643363,-0.8222965,-0.9967953,-0.9028686,-1.099088,-0.9320242,-0.9941777,-0.9375542
Malta,1.102384,0.937748,0.7983966,0.8227611,1.025022,1.20634,1.279612,1.173995,1.192727,1.195341,1.247961,1.257873,1.028362,0.8506263,0.956104,1.004575
Marshall Islands,-1.132705,-1.04333,-0.9387149,-1.039871,-1.156603,-1.28839,-1.304649,-1.398362,-1.28125,-1.461915,-1.440415,-1.5658,-1.558409,-1.601204,-1.565974,-1.552681
Mauritania,0.0034894,0.046652,-0.4320766,-0.2922155,-0.8747498,-0.9067926,-0.9772067,-0.8949571,-0.9706828,-0.9495553,-0.9096129,-0.9986318,-0.991504,-1.026878,-0.7643325,-0.7202016
Mauritius,0.4061629,0.7171742,0.6271924,0.6086835,0.6875621,0.7470747,0.7739719,0.776171,0.8658755,0.8734261,0.9816903,0.8819206,1.043637,1.049441,0.9644549,0.8996159
Mexico,0.2705096,0.2065538,0.1228508,0.0681568,0.0914132,0.1687744,0.1873924,0.1752324,0.1624299,0.3078777,0.3426165,0.345396,0.1962345,0.2097047,0.1352486,-0.0253529
Micronesia, Fed. Sts.,-0.7711372,-0.7865792,-0.6038283,-0.0956322,-0.3004403,-0.7275328,-0.72589,-0.7092258,-0.8025244,-0.7549889,-0.6432918,-0.5710909,-0.4975008,-0.3969363,-0.3346596,0.0901108
Middle East & North Africa,NA,NA,NA,NA,NA,NA,NA,NA,NA,NA,NA,NA,NA,NA,NA,NA
Middle East & North Africa (excluding high income),NA,NA,NA,NA,NA,NA,NA,NA,NA,NA,NA,NA,NA,NA,NA,NA
Middle East & North Africa (IDA & IBRD),NA,NA,NA,NA,NA,NA,NA,NA,NA,NA,NA,NA,NA,NA,NA,NA
Middle income,NA,NA,NA,NA,NA,NA,NA,NA,NA,NA,NA,NA,NA,NA,NA,NA
Moldova,-0.5559443,-0.6650279,-0.8699873,-0.7495598,-0.7872776,-0.820197,-0.773073,-0.5585664,-0.6626101,-0.618258,-0.5679132,-0.4090807,-0.4184042,-0.6546551,-0.6098335,-0.5110461
Monaco,NA,NA,NA,NA,NA,NA,NA,NA,NA,NA,NA,NA,NA,NA,NA,NA
Mongolia,-0.1510513,-0.2280668,-0.4103425,-0.3764116,-0.4841076,-0.5388252,-0.5280833,-0.6674092,-0.5719746,-0.5857292,-0.6361513,-0.5484818,-0.4355009,-0.4186901,-0.095976,-0.2618995
Montenegro,NA,NA,NA,0.3544824,-0.1277386,-0.2223136,-0.0349911,-0.0219301,0.0901539,0.098416,0.13046,0.1600679,0.2651901,0.1557473,0.1109707,0.1543928
Morocco,-0.1475835,-0.1379356,-0.1260798,-0.2798505,-0.155644,-0.1704507,-0.1756016,-0.1404784,-0.1041628,-0.151642,-0.0591652,-0.0351245,-0.0745343,-0.0619438,-0.1043007,-0.1599344
Mozambique,-0.3778282,-0.4798625,-0.5411497,-0.5244129,-0.6244932,-0.5128091,-0.5113532,-0.5497075,-0.5825811,-0.6394116,-0.630087,-0.6132693,-0.7226681,-0.7462663,-0.858917,-0.8926979
Myanmar,-1.31476,-1.244308,-1.561635,-1.526451,-1.453449,-1.480536,-1.530751,-1.614053,-1.6179,-1.596835,-1.481391,-1.497102,-1.27935,-1.238608,-0.9761063,-1.051279
Namibia,0.1412584,0.2274908,0.0632703,0.02189,0.0887336,0.0827654,0.1828262,0.1159105,0.0661187,0.0540624,0.1386618,0.1872248,0.113697,0.2537752,0.172957,0.1986655
Nauru,NA,NA,NA,NA,NA,-0.5789648,-0.4321648,-0.3946568,-0.5599525,-0.5776834,-0.5562755,-0.5784758,-0.5685918,-0.5362784,-0.6880512,-0.4338872
Nepal,-0.456825,-0.5159052,-0.7501413,-0.8523244,-0.9054664,-0.7107469,-0.8005978,-0.9502964,-0.8735455,-0.9025553,-0.9826987,-0.9262621,-0.8515413,-1.053641,-0.8220057,-0.8817721
Netherlands,1.99657,2.020344,2.09252,1.942671,1.788718,1.728333,1.696206,1.739726,1.729366,1.788899,1.8134,1.783959,1.817106,1.832803,1.833876,1.851844
New Zealand,1.738428,1.826235,1.961784,1.746396,1.587881,1.664326,1.678087,1.85184,1.816698,1.877562,1.801007,1.757802,1.932062,1.884678,1.843342,1.766219
Nicaragua,-0.7664067,-0.6688396,-0.7323721,-0.8168674,-0.8769231,-0.9372625,-0.9061906,-0.9621149,-0.9621997,-0.9014012,-0.8949555,-0.8166822,-0.8379031,-0.8158752,-0.6980957,-0.6382679
Niger,-0.8282536,-0.6711459,-0.6619204,-0.772457,-0.7782805,-0.7760658,-0.699199,-0.6521963,-0.6592782,-0.622551,-0.6826633,-0.7209283,-0.696187,-0.6059877,-0.6013262,-0.6733168
Nigeria,-1.026831,-0.9565855,-0.9393838,-0.8927642,-0.9713684,-1.042838,-0.9768379,-1.214644,-1.165138,-1.096175,-0.9964767,-0.9920399,-1.186017,-0.9626727,-1.094932,-0.9603581
North America,NA,NA,NA,NA,NA,NA,NA,NA,NA,NA,NA,NA,NA,NA,NA,NA
North Macedonia,-0.5187778,-0.368607,-0.1826979,-0.3286524,-0.1147264,-0.2117144,-0.0189868,-0.0511887,-0.0899654,-0.1076884,-0.0701415,-0.0528186,0.1316635,0.1184931,0.0979802,0.1400139
Norway,1.895618,1.89888,2.080887,1.864108,1.879103,2.024723,1.84209,1.841375,1.878928,1.837559,1.909127,1.884967,1.828457,1.864799,1.869712,1.983251
OECD members,NA,NA,NA,NA,NA,NA,NA,NA,NA,NA,NA,NA,NA,NA,NA,NA
Oman,0.3918081,0.4987276,0.484034,0.3262324,0.3122646,0.3354644,0.4195092,0.3839098,0.3778546,0.2512203,0.2645408,0.2141149,0.2658027,0.0815463,0.2034214,0.2069324
Other small states,NA,NA,NA,NA,NA,NA,NA,NA,NA,NA,NA,NA,NA,NA,NA,NA
Pacific island small states,NA,NA,NA,NA,NA,NA,NA,NA,NA,NA,NA,NA,NA,NA,NA,NA
Pakistan,-0.4066568,-0.4030545,-0.4629056,-0.4531181,-0.375228,-0.479456,-0.7237101,-0.8008026,-0.7658589,-0.8179008,-0.7779331,-0.7918035,-0.7550009,-0.667473,-0.6407678,-0.5849866
Palau,NA,NA,NA,NA,NA,NA,-0.6009423,-0.5462212,-0.8493041,-0.5776834,-0.5562755,-0.5784758,-0.5685918,-0.5362784,-0.4013585,-0.2289631
Panama,0.0295363,-0.0568805,-0.0722677,0.0693119,0.0671504,0.1382022,0.1234344,0.1434586,0.1372251,0.0858171,0.2850275,0.2886036,0.2621191,0.2923374,0.1715817,0.0082321
Papua New Guinea,-0.4665455,-0.6049654,-0.6469778,-0.875283,-0.7484823,-0.6539661,-0.6948548,-0.739181,-0.7185556,-0.7111131,-0.740658,-0.6630088,-0.6126937,-0.6064898,-0.7297216,-0.6577933
Paraguay,-1.074348,-0.920839,-0.9492918,-0.796317,-0.9595747,-0.8687558,-0.8867102,-0.9216511,-0.9323817,-0.8445076,-0.889456,-0.8721671,-0.9191684,-0.9483697,-0.78241,-0.8123924
Peru,-0.3410112,-0.4384263,-0.5122411,-0.6127201,-0.6693524,-0.5212563,-0.3564379,-0.4166843,-0.1911707,-0.1571881,-0.1449162,-0.1147713,-0.2667779,-0.2769037,-0.1768445,-0.1278887
Philippines,-0.1292202,-0.1031132,-0.2364625,-0.040945,-0.1313469,0.0731165,0.016421,-0.0265842,0.001555,0.090305,0.1081914,0.1184862,0.1930268,0.1123668,-0.023836,-0.0627048
Poland,0.5051503,0.5459217,0.4659075,0.4783568,0.3737843,0.3872338,0.4732433,0.5317568,0.640949,0.6207488,0.6756304,0.7225148,0.8273836,0.7989756,0.698045,0.6345671
Portugal,1.205846,1.166833,1.064095,1.056517,0.8745383,0.9007416,1.085485,1.156265,1.010235,0.9471941,1.035028,1.230732,0.9885908,1.220576,1.210145,1.332172
Post-demographic dividend,NA,NA,NA,NA,NA,NA,NA,NA,NA,NA,NA,NA,NA,NA,NA,NA
Pre-demographic dividend,NA,NA,NA,NA,NA,NA,NA,NA,NA,NA,NA,NA,NA,NA,NA,NA
Qatar,0.4957557,0.4987276,0.5282899,0.4039587,0.5794296,0.4442961,0.6013125,0.9654891,0.8451837,0.7540052,0.937022,1.057716,0.9447956,0.9551266,0.7378968,0.7428962
Romania,-0.2003612,-0.2584385,-0.2056146,-0.3068253,-0.2101832,-0.3190752,-0.3241724,-0.3597497,-0.2655292,-0.3289806,-0.3119501,-0.0744246,-0.0259938,-0.0560238,-0.170303,-0.173383
Russian Federation,-0.3102288,-0.4012094,-0.4406824,-0.5004948,-0.4380455,-0.3874615,-0.3622768,-0.413452,-0.4688114,-0.4707654,-0.4204746,-0.354852,-0.109315,-0.2043505,-0.1988044,-0.0776052
Rwanda,-0.90913,-0.6945167,-0.5569205,-0.9069124,-0.2541009,-0.1950561,-0.1310468,-0.1503173,-0.0542929,0.0704055,-0.0482539,0.0197235,-0.0253321,-0.0457356,0.0929436,0.2608743
Samoa,0.4465011,0.4509122,0.0639811,0.4612368,0.3234423,0.2026847,0.1640486,0.0305289,-0.0390187,-0.0094426,-0.0190295,0.0246412,0.4548398,0.5086727,0.5409928,0.6164538
San Marino,NA,NA,NA,NA,NA,NA,NA,NA,NA,NA,NA,NA,NA,NA,NA,NA
Sao Tome and Principe,-0.5639756,-0.5715816,-0.6055207,-0.6822467,-0.7732206,-0.7054042,-0.6739241,-0.6595207,-0.7941526,-0.7020682,-0.6789475,-0.7258032,-0.817302,-0.7508709,-0.6718311,-0.7675905
Saudi Arabia,-0.3027218,-0.3043756,-0.3561915,-0.3747793,-0.1700445,-0.1191317,-0.0889558,-0.0964172,-0.0069224,-0.3030069,0.0349834,0.0731393,0.2077309,0.2000669,0.2514076,0.2475115
Senegal,0.0066169,-0.2607708,-0.1654776,-0.2282515,-0.2871803,-0.4743536,-0.1558527,-0.5117806,-0.5799341,-0.4963745,-0.4661634,-0.418516,-0.4039444,-0.4502973,-0.469495,-0.3197731
Serbia,-0.5066521,-0.6210334,-0.2136248,-0.3310836,-0.208798,-0.2283539,-0.1915558,-0.0392316,-0.0459862,-0.0898259,-0.1018853,-0.086723,0.0896169,0.1112438,0.0873302,0.1915469
Seychelles,0.1746603,0.1002949,0.0435342,0.1449615,-0.0166655,0.0803886,0.0883821,0.1320166,0.2027419,0.2757331,0.3952843,0.3820674,0.3607702,0.4230102,0.3703311,0.4150706
Sierra Leone,-1.463331,-1.154588,-1.083427,-1.341319,-1.110577,-1.153077,-1.150523,-1.203065,-1.21574,-1.192158,-1.2257,-1.225447,-1.243714,-1.279706,-1.197554,-1.205864
Singapore,1.854913,1.947802,1.989663,1.958422,2.212474,2.375459,2.436975,2.270797,2.241407,2.154786,2.166091,2.088955,2.182617,2.236756,2.191794,2.205368
Slovak Republic,0.6015927,0.7055912,0.873967,0.9271799,0.8825375,0.7320563,0.864835,0.8689756,0.8371224,0.8325479,0.8363792,0.7891342,0.8762358,0.83792,0.9004332,0.8074191
Slovenia,0.9180992,1.080824,0.9227307,0.8928185,0.96356,0.936191,1.187827,1.154734,1.026441,0.9895115,1.03165,1.013163,1.00516,0.9726287,1.127703,1.170744
Small states,NA,NA,NA,NA,NA,NA,NA,NA,NA,NA,NA,NA,NA,NA,NA,NA
Solomon Islands,-2.046691,-2.270754,-1.270239,-0.6683773,-1.008063,-1.078741,-0.9970134,-1.099491,-0.954461,-0.8646617,-0.8060077,-0.823834,-1.068035,-1.024367,-0.9843695,-1.005798
Somalia,-1.511303,-1.986113,-2.052327,-2.128412,-2.191086,-2.226296,-2.402195,-2.228903,-2.208117,-2.140683,-2.200339,-2.217361,-2.445876,-2.196963,-2.18908,-2.21349
South Africa,0.6730514,0.6926963,0.6412201,0.642373,0.4445405,0.469179,0.5094988,0.4802645,0.3921409,0.4053512,0.3456312,0.4382925,0.3410892,0.2616754,0.2749317,0.2784731
South Asia,NA,NA,NA,NA,NA,NA,NA,NA,NA,NA,NA,NA,NA,NA,NA,NA
South Asia (IDA & IBRD),NA,NA,NA,NA,NA,NA,NA,NA,NA,NA,NA,NA,NA,NA,NA,NA
South Sudan,NA,NA,NA,NA,NA,NA,NA,NA,NA,-1.882391,-1.584737,-1.679247,-2.068171,-2.163179,-2.34951,-2.478397
Spain,1.84743,1.881454,1.3527,1.50673,0.8372024,0.9933218,0.9203469,0.9458322,0.9947988,1.027235,1.120682,1.154523,1.159705,1.174266,1.116165,1.034051
Sri Lanka,-0.0406734,-0.203533,-0.4235739,-0.3130901,-0.1612208,-0.0842959,-0.1228165,-0.1481891,-0.1950061,-0.1114319,-0.2075322,-0.1698639,0.0538776,-0.0091448,-0.0298971,-0.1511021
St. Kitts and Nevis,-0.2800172,-0.3011952,0.0548022,0.944759,0.6719891,0.6177889,0.6902903,0.7936897,0.7120712,0.7634993,0.8370658,0.8941193,-0.0717925,0.1174361,0.1419046,0.5608362
St. Lucia,-0.1342994,0.0040619,0.1408834,0.9871983,0.6719891,0.6177889,0.6902903,0.8761846,0.8034889,0.8511567,0.6637753,0.706974,-0.016266,-0.0791231,0.0284261,0.2656847
St. Vincent and the Grenadines,-0.1342994,-0.1485667,0.1673153,0.944759,0.6719891,0.6177889,0.6902903,0.7936897,0.7120712,0.7634993,0.8370658,0.8941193,0.1319191,0.0299855,0.2175231,0.2656847
Sub-Saharan Africa,NA,NA,NA,NA,NA,NA,NA,NA,NA,NA,NA,NA,NA,NA,NA,NA
Sub-Saharan Africa (excluding high income),NA,NA,NA,NA,NA,NA,NA,NA,NA,NA,NA,NA,NA,NA,NA,NA
Sub-Saharan Africa (IDA & IBRD),NA,NA,NA,NA,NA,NA,NA,NA,NA,NA,NA,NA,NA,NA,NA,NA
Sudan,-1.105995,-1.248704,-1.217169,-1.395975,-1.137103,-1.099121,-1.269249,-1.24763,-1.343785,-1.376675,-1.419657,-1.485421,-1.532044,-1.462394,-1.504354,-1.414937
Suriname,-0.1733357,-0.1099384,-0.0289953,-0.0543167,-0.3219694,-0.2752068,-0.1229598,-0.074502,-0.1037182,-0.1185168,-0.0096941,-0.0158028,-0.1759236,-0.3457652,-0.3376629,-0.6166974
Sweden,2.026078,2.082848,2.12182,1.892862,1.804315,2.025398,1.956433,2.045359,2.004213,1.965064,1.95701,1.909026,1.803889,1.816198,1.773979,1.837629
Switzerland,2.000211,1.817973,2.180724,1.851264,2.078077,2.042494,2.037171,1.948745,1.876344,1.867497,1.891962,1.824577,2.112258,1.998366,2.008933,2.056275
Syrian Arab Republic,-0.8806182,-1.094079,-1.04437,-1.139666,-0.9165604,-0.8090644,-0.66196,-0.5971799,-0.6050934,-0.5047666,-1.148971,-1.400502,-1.400045,-1.59046,-1.834143,-1.787541
Tajikistan,-1.230195,-1.106954,-0.9745044,-1.151114,-1.057266,-1.110595,-1.072905,-1.106588,-0.9184335,-0.9482788,-0.9311347,-1.058447,-0.7826094,-0.8482234,-1.032321,-1.1205
Tanzania,-0.4018779,-0.3968551,-0.4615989,-0.4113697,-0.3844429,-0.3966934,-0.492632,-0.5992887,-0.5974768,-0.6516141,-0.6914189,-0.7097701,-0.6550456,-0.6105555,-0.5525873,-0.6294016
Thailand,0.3096918,0.3663059,0.3153662,0.396297,0.4517171,0.3614826,0.2205064,0.267293,0.1877606,0.2058535,0.2246817,0.248,0.3379512,0.3502776,0.3417687,0.3846208
Timor-Leste,-0.7348684,-0.9260253,-0.6770105,-0.9939452,-1.195935,-1.131906,-1.047847,-1.171952,-1.224438,-1.153588,-1.18081,-1.231252,-1.180595,-1.045524,-1.014021,-0.9966559
Togo,-1.275907,-1.425126,-1.553384,-1.442014,-1.535074,-1.533087,-1.496573,-1.377884,-1.389187,-1.3666,-1.314133,-1.294959,-1.249514,-1.189448,-1.061528,-1.125332
Tonga,-0.8094302,-0.480364,-0.6049421,-0.547692,-0.6578344,-0.4798011,-0.4582746,-0.3544413,-0.3172054,-0.3636558,-0.4080352,-0.4044648,-0.0691487,-0.3301379,-0.281755,-0.2174608
Trinidad and Tobago,0.3621133,0.4575793,0.3485296,0.1727507,0.1086852,0.1961451,0.1723387,0.2864292,0.266488,0.3248188,0.4105982,0.3621852,0.2720782,0.232601,0.2280875,0.2597381
Tunisia,0.5826996,0.508504,0.436589,0.3818819,0.6435238,0.4686667,0.3088502,0.3813874,0.2184257,0.0226407,-0.0344481,-0.0735112,-0.1196455,-0.1033128,-0.2058875,-0.0688245
Turkey,0.0831476,0.0522938,0.0088391,0.1542038,0.1200856,0.3065605,0.2686568,0.2779772,0.2949708,0.3486361,0.4085236,0.3812184,0.3652422,0.2231198,0.0430212,0.0705116
Turkmenistan,-1.455165,-1.465225,-1.643842,-1.607924,-1.52604,-1.4318,-1.424742,-1.445099,-1.56353,-1.603864,-1.2571,-1.281882,-0.8422028,-0.8504488,-1.129167,-1.213455
Tuvalu,0.0162519,-1.06835,-0.7793114,0.0230278,-0.337794,-0.4507216,-0.5716191,-0.4428224,-0.4873216,-0.7950383,-0.693237,-0.6593137,-0.9266859,-0.963505,-0.9253373,-0.7431608
Uganda,-0.4381391,-0.3801131,-0.3913794,-0.5569747,-0.5415385,-0.4323176,-0.5836249,-0.6237722,-0.5250553,-0.5155811,-0.5700184,-0.5859425,-0.5014763,-0.4856932,-0.5733845,-0.5842058
Ukraine,-0.6184562,-0.582067,-0.6028258,-0.6397141,-0.4910056,-0.6666756,-0.7180725,-0.8338413,-0.784709,-0.824128,-0.5830625,-0.6457505,-0.4134186,-0.5235236,-0.5740634,-0.4598058
United Arab Emirates,0.8454782,0.5811338,0.6989811,0.7105103,0.9438545,0.9238287,0.8766494,0.9909846,0.8979611,1.055263,1.14961,1.176368,1.435521,1.509872,1.398519,1.398046
United Kingdom,1.840956,1.810524,1.889605,1.766596,1.670994,1.648174,1.643775,1.512003,1.568379,1.558901,1.547542,1.495451,1.62673,1.744032,1.60195,1.414262
United States,1.6802,1.602976,1.761568,1.536153,1.58617,1.649809,1.613998,1.506894,1.557596,1.519567,1.529326,1.523666,1.467586,1.463782,1.477122,1.554403
Upper middle income,NA,NA,NA,NA,NA,NA,NA,NA,NA,NA,NA,NA,NA,NA,NA,NA
Uruguay,0.6088546,0.4974258,0.3193935,0.4956834,0.3900837,0.5312065,0.5009665,0.5959123,0.6269566,0.5537435,0.441899,0.4476831,0.4827862,0.5290264,0.5595925,0.4158669
Uzbekistan,-1.18511,-1.10308,-1.03046,-1.207045,-1.155262,-1.113672,-0.8726988,-0.6254953,-0.7137851,-0.6850358,-0.9106262,-0.9136994,-0.6283218,-0.6717844,-0.5757399,-0.5560198
Vanuatu,-0.7902837,-0.8514813,-0.6307651,-0.2873107,-0.4303628,-0.4346451,-0.3016436,-0.3239454,-0.2723125,-0.2436769,-0.2232218,-0.2125746,-0.5339027,-0.7836013,-0.8796323,-0.9005539
Venezuela, RB,-1.008559,-0.9624638,-1.072073,-0.9306281,-1.058087,-1.092995,-1.137684,-0.9929981,-1.111922,-1.190891,-1.145259,-1.167143,-1.226763,-1.219932,-1.287171,-1.399024
Vietnam,-0.4373939,-0.4460183,-0.4786768,-0.2346346,-0.2475519,-0.2405104,-0.2121504,-0.2552605,-0.2591378,-0.2325072,-0.2698495,-0.2656434,-0.0704517,0.0675191,0.0124906,0.0024033
Mundo,NA,NA,NA,NA,NA,NA,NA,NA,NA,NA,NA,NA,NA,NA,NA,NA
Yemen, Rep.,-0.8085188,-0.7327883,-0.9130741,-0.9098221,-0.9023175,-0.8734783,-0.8784572,-1.067393,-1.017816,-1.146906,-1.273241,-1.220351,-1.410873,-1.627153,-1.830539,-1.919918
Zambia,-0.7786959,-0.8375805,-0.8669491,-0.9352286,-0.8524404,-0.7241114,-0.7344369,-0.8076773,-0.8508871,-0.6594403,-0.4761798,-0.4925183,-0.4995747,-0.5600798,-0.6571052,-0.6219829
Zimbabwe,-0.9081398,-1.006667,-1.000913,-1.331712,-1.225054,-1.258882,-1.528042,-1.545878,-1.511986,-1.371597,-1.336259,-1.27751,-1.210598,-1.155711,-1.158334,-1.190636
